"CHROM","BIN_START","BIN_END","N_VARIANTS","PI","dataset"
"0","1","1000","31",0.00841053,"sim"
"0","1001","2000","6",0.00157368,"sim"
"0","2001","3000","4",0.000963158,"sim"
"0","3001","4000","3",0.000821053,"sim"
"0","4001","5000","2",0.000378947,"sim"
"0","5001","6000","3",0.000821053,"sim"
"0","6001","7000","3",0.00129474,"sim"
"0","7001","8000","5",0.00181579,"sim"
"0","8001","9000","2",0.000778947,"sim"
"0","9001","10000","4",0.00141053,"sim"
"0","10001","11000","6",0.00242105,"sim"
"0","11001","12000","11",0.0037,"sim"
"0","12001","13000","4",0.000489474,"sim"
"0","13001","14000","2",0.000542105,"sim"
"0","14001","15000","6",0.00187368,"sim"
"0","15001","16000","6",0.0022,"sim"
"0","16001","17000","6",0.0023,"sim"
"0","17001","18000","7",0.00256316,"sim"
"0","18001","19000","3",0.000626316,"sim"
"0","19001","20000","1",0.000268421,"sim"
"0","20001","21000","3",0.00123158,"sim"
"0","21001","22000","3",0.000963158,"sim"
"0","22001","23000","5",0.000836842,"sim"
"0","23001","24000","3",0.000478947,"sim"
"0","24001","25000","3",0.000636842,"sim"
"0","25001","26000","7",0.00110526,"sim"
"0","26001","27000","11",0.00204211,"sim"
"0","27001","28000","3",0.000852632,"sim"
"0","28001","29000","8",0.00131579,"sim"
"0","29001","30000","2",2e-04,"sim"
"0","30001","31000","1",1e-04,"sim"
"0","31001","32000","5",0.000936842,"sim"
"0","32001","33000","1",0.000189474,"sim"
"0","33001","34000","2",0.000378947,"sim"
"0","34001","35000","3",9e-04,"sim"
"0","35001","36000","5",0.00176316,"sim"
"0","36001","37000","3",0.000389474,"sim"
"0","37001","38000","4",0.0013,"sim"
"0","38001","39000","4",0.00173684,"sim"
"0","39001","40000","5",0.00253684,"sim"
"0","40001","41000","4",0.00198947,"sim"
"0","41001","42000","5",0.00162105,"sim"
"0","42001","43000","7",0.00198421,"sim"
"0","43001","44000","4",0.00125263,"sim"
"0","44001","45000","3",0.00141053,"sim"
"0","45001","46000","10",0.00311053,"sim"
"0","46001","47000","4",4e-04,"sim"
"0","47001","48000","3",0.000810526,"sim"
"0","48001","49000","4",0.000778947,"sim"
"0","49001","50000","7",0.00257895,"sim"
"0","50001","51000","2",0.000536842,"sim"
"0","51001","52000","3",0.000805263,"sim"
"0","52001","53000","7",0.00268421,"sim"
"0","53001","54000","1",0.000394737,"sim"
"0","54001","55000","1",0.000189474,"sim"
"0","55001","56000","3",0.00115263,"sim"
"0","56001","57000","3",0.000942105,"sim"
"0","57001","58000","3",0.000726316,"sim"
"0","58001","59000","4",0.00158421,"sim"
"0","59001","60000","2",0.00102632,"sim"
"0","60001","61000","3",0.000705263,"sim"
"0","61001","62000","2",0.000436842,"sim"
"0","62001","63000","2",0.000694737,"sim"
"0","63001","64000","4",0.00115789,"sim"
"0","64001","65000","3",0.00148947,"sim"
"0","65001","66000","4",0.0013,"sim"
"0","66001","67000","4",0.00133684,"sim"
"0","68001","69000","7",0.00215789,"sim"
"0","69001","70000","4",0.00122632,"sim"
"0","70001","71000","1",1e-04,"sim"
"0","71001","72000","1",0.000521053,"sim"
"0","73001","74000","3",0.000847368,"sim"
"0","74001","75000","3",0.00112632,"sim"
"0","75001","76000","3",0.00137895,"sim"
"0","76001","77000","2",0.00104211,"sim"
"0","77001","78000","4",0.00121579,"sim"
"0","78001","79000","2",0.000605263,"sim"
"0","79001","80000","4",0.00202105,"sim"
"0","80001","81000","4",0.000636842,"sim"
"0","81001","82000","8",0.00269474,"sim"
"0","82001","83000","4",0.000905263,"sim"
"0","83001","84000","2",0.000578947,"sim"
"0","84001","85000","1",0.000478947,"sim"
"0","85001","86000","4",0.00146316,"sim"
"0","86001","87000","5",0.00206842,"sim"
"0","87001","88000","12",0.00549474,"sim"
"0","88001","89000","5",0.00229474,"sim"
"0","89001","90000","5",0.00109474,"sim"
"0","90001","91000","2",0.000368421,"sim"
"0","91001","92000","4",0.00107368,"sim"
"0","92001","93000","4",0.00107368,"sim"
"0","93001","94000","5",0.00149474,"sim"
"0","94001","95000","8",0.00347895,"sim"
"0","95001","96000","2",0.000857895,"sim"
"0","96001","97000","4",0.000910526,"sim"
"0","97001","98000","5",0.00173684,"sim"
"0","98001","99000","3",0.00106316,"sim"
"0","1","1000","31",0.00841053,"sim"
"0","1001","2000","6",0.00157368,"sim"
"0","2001","3000","4",0.000963158,"sim"
"0","3001","4000","3",0.000821053,"sim"
"0","4001","5000","2",0.000378947,"sim"
"0","5001","6000","3",0.000821053,"sim"
"0","6001","7000","3",0.00129474,"sim"
"0","7001","8000","5",0.00181579,"sim"
"0","8001","9000","2",0.000778947,"sim"
"0","9001","10000","4",0.00141053,"sim"
"0","10001","11000","6",0.00242105,"sim"
"0","11001","12000","11",0.0037,"sim"
"0","12001","13000","4",0.000489474,"sim"
"0","13001","14000","2",0.000542105,"sim"
"0","14001","15000","6",0.00187368,"sim"
"0","15001","16000","6",0.0022,"sim"
"0","16001","17000","6",0.0023,"sim"
"0","17001","18000","7",0.00256316,"sim"
"0","18001","19000","3",0.000626316,"sim"
"0","19001","20000","1",0.000268421,"sim"
"0","20001","21000","3",0.00123158,"sim"
"0","21001","22000","3",0.000963158,"sim"
"0","22001","23000","5",0.000836842,"sim"
"0","23001","24000","3",0.000478947,"sim"
"0","24001","25000","3",0.000636842,"sim"
"0","25001","26000","7",0.00110526,"sim"
"0","26001","27000","11",0.00204211,"sim"
"0","27001","28000","3",0.000852632,"sim"
"0","28001","29000","8",0.00131579,"sim"
"0","29001","30000","2",2e-04,"sim"
"0","30001","31000","1",1e-04,"sim"
"0","31001","32000","5",0.000936842,"sim"
"0","32001","33000","1",0.000189474,"sim"
"0","33001","34000","2",0.000378947,"sim"
"0","34001","35000","3",9e-04,"sim"
"0","35001","36000","5",0.00176316,"sim"
"0","36001","37000","3",0.000389474,"sim"
"0","37001","38000","4",0.0013,"sim"
"0","38001","39000","4",0.00173684,"sim"
"0","39001","40000","5",0.00253684,"sim"
"0","40001","41000","4",0.00198947,"sim"
"0","41001","42000","5",0.00162105,"sim"
"0","42001","43000","7",0.00198421,"sim"
"0","43001","44000","4",0.00125263,"sim"
"0","44001","45000","3",0.00141053,"sim"
"0","45001","46000","10",0.00311053,"sim"
"0","46001","47000","4",4e-04,"sim"
"0","47001","48000","3",0.000810526,"sim"
"0","48001","49000","4",0.000778947,"sim"
"0","49001","50000","7",0.00257895,"sim"
"0","50001","51000","2",0.000536842,"sim"
"0","51001","52000","3",0.000805263,"sim"
"0","52001","53000","7",0.00268421,"sim"
"0","53001","54000","1",0.000394737,"sim"
"0","54001","55000","1",0.000189474,"sim"
"0","55001","56000","3",0.00115263,"sim"
"0","56001","57000","3",0.000942105,"sim"
"0","57001","58000","3",0.000726316,"sim"
"0","58001","59000","4",0.00158421,"sim"
"0","59001","60000","2",0.00102632,"sim"
"0","60001","61000","3",0.000705263,"sim"
"0","61001","62000","2",0.000436842,"sim"
"0","62001","63000","2",0.000694737,"sim"
"0","63001","64000","4",0.00115789,"sim"
"0","64001","65000","3",0.00148947,"sim"
"0","65001","66000","4",0.0013,"sim"
"0","66001","67000","4",0.00133684,"sim"
"0","68001","69000","7",0.00215789,"sim"
"0","69001","70000","4",0.00122632,"sim"
"0","70001","71000","1",1e-04,"sim"
"0","71001","72000","1",0.000521053,"sim"
"0","73001","74000","3",0.000847368,"sim"
"0","74001","75000","3",0.00112632,"sim"
"0","75001","76000","3",0.00137895,"sim"
"0","76001","77000","2",0.00104211,"sim"
"0","77001","78000","4",0.00121579,"sim"
"0","78001","79000","2",0.000605263,"sim"
"0","79001","80000","4",0.00202105,"sim"
"0","80001","81000","4",0.000636842,"sim"
"0","81001","82000","8",0.00269474,"sim"
"0","82001","83000","4",0.000905263,"sim"
"0","83001","84000","2",0.000578947,"sim"
"0","84001","85000","1",0.000478947,"sim"
"0","85001","86000","4",0.00146316,"sim"
"0","86001","87000","5",0.00206842,"sim"
"0","87001","88000","12",0.00549474,"sim"
"0","88001","89000","5",0.00229474,"sim"
"0","89001","90000","5",0.00109474,"sim"
"0","90001","91000","2",0.000368421,"sim"
"0","91001","92000","4",0.00107368,"sim"
"0","92001","93000","4",0.00107368,"sim"
"0","93001","94000","5",0.00149474,"sim"
"0","94001","95000","8",0.00347895,"sim"
"0","95001","96000","2",0.000857895,"sim"
"0","96001","97000","4",0.000910526,"sim"
"0","97001","98000","5",0.00173684,"sim"
"0","98001","99000","3",0.00106316,"sim"
"0","1","1000","31",0.00841053,"sim"
"0","1001","2000","6",0.00157368,"sim"
"0","2001","3000","4",0.000963158,"sim"
"0","3001","4000","3",0.000821053,"sim"
"0","4001","5000","2",0.000378947,"sim"
"0","5001","6000","3",0.000821053,"sim"
"0","6001","7000","3",0.00129474,"sim"
"0","7001","8000","5",0.00181579,"sim"
"0","8001","9000","2",0.000778947,"sim"
"0","9001","10000","4",0.00141053,"sim"
"0","10001","11000","6",0.00242105,"sim"
"0","11001","12000","11",0.0037,"sim"
"0","12001","13000","4",0.000489474,"sim"
"0","13001","14000","2",0.000542105,"sim"
"0","14001","15000","6",0.00187368,"sim"
"0","15001","16000","6",0.0022,"sim"
"0","16001","17000","6",0.0023,"sim"
"0","17001","18000","7",0.00256316,"sim"
"0","18001","19000","3",0.000626316,"sim"
"0","19001","20000","1",0.000268421,"sim"
"0","20001","21000","3",0.00123158,"sim"
"0","21001","22000","3",0.000963158,"sim"
"0","22001","23000","5",0.000836842,"sim"
"0","23001","24000","3",0.000478947,"sim"
"0","24001","25000","3",0.000636842,"sim"
"0","25001","26000","7",0.00110526,"sim"
"0","26001","27000","11",0.00204211,"sim"
"0","27001","28000","3",0.000852632,"sim"
"0","28001","29000","8",0.00131579,"sim"
"0","29001","30000","2",2e-04,"sim"
"0","30001","31000","1",1e-04,"sim"
"0","31001","32000","5",0.000936842,"sim"
"0","32001","33000","1",0.000189474,"sim"
"0","33001","34000","2",0.000378947,"sim"
"0","34001","35000","3",9e-04,"sim"
"0","35001","36000","5",0.00176316,"sim"
"0","36001","37000","3",0.000389474,"sim"
"0","37001","38000","4",0.0013,"sim"
"0","38001","39000","4",0.00173684,"sim"
"0","39001","40000","5",0.00253684,"sim"
"0","40001","41000","4",0.00198947,"sim"
"0","41001","42000","5",0.00162105,"sim"
"0","42001","43000","7",0.00198421,"sim"
"0","43001","44000","4",0.00125263,"sim"
"0","44001","45000","3",0.00141053,"sim"
"0","45001","46000","10",0.00311053,"sim"
"0","46001","47000","4",4e-04,"sim"
"0","47001","48000","3",0.000810526,"sim"
"0","48001","49000","4",0.000778947,"sim"
"0","49001","50000","7",0.00257895,"sim"
"0","50001","51000","2",0.000536842,"sim"
"0","51001","52000","3",0.000805263,"sim"
"0","52001","53000","7",0.00268421,"sim"
"0","53001","54000","1",0.000394737,"sim"
"0","54001","55000","1",0.000189474,"sim"
"0","55001","56000","3",0.00115263,"sim"
"0","56001","57000","3",0.000942105,"sim"
"0","57001","58000","3",0.000726316,"sim"
"0","58001","59000","4",0.00158421,"sim"
"0","59001","60000","2",0.00102632,"sim"
"0","60001","61000","3",0.000705263,"sim"
"0","61001","62000","2",0.000436842,"sim"
"0","62001","63000","2",0.000694737,"sim"
"0","63001","64000","4",0.00115789,"sim"
"0","64001","65000","3",0.00148947,"sim"
"0","65001","66000","4",0.0013,"sim"
"0","66001","67000","4",0.00133684,"sim"
"0","68001","69000","7",0.00215789,"sim"
"0","69001","70000","4",0.00122632,"sim"
"0","70001","71000","1",1e-04,"sim"
"0","71001","72000","1",0.000521053,"sim"
"0","73001","74000","3",0.000847368,"sim"
"0","74001","75000","3",0.00112632,"sim"
"0","75001","76000","3",0.00137895,"sim"
"0","76001","77000","2",0.00104211,"sim"
"0","77001","78000","4",0.00121579,"sim"
"0","78001","79000","2",0.000605263,"sim"
"0","79001","80000","4",0.00202105,"sim"
"0","80001","81000","4",0.000636842,"sim"
"0","81001","82000","8",0.00269474,"sim"
"0","82001","83000","4",0.000905263,"sim"
"0","83001","84000","2",0.000578947,"sim"
"0","84001","85000","1",0.000478947,"sim"
"0","85001","86000","4",0.00146316,"sim"
"0","86001","87000","5",0.00206842,"sim"
"0","87001","88000","12",0.00549474,"sim"
"0","88001","89000","5",0.00229474,"sim"
"0","89001","90000","5",0.00109474,"sim"
"0","90001","91000","2",0.000368421,"sim"
"0","91001","92000","4",0.00107368,"sim"
"0","92001","93000","4",0.00107368,"sim"
"0","93001","94000","5",0.00149474,"sim"
"0","94001","95000","8",0.00347895,"sim"
"0","95001","96000","2",0.000857895,"sim"
"0","96001","97000","4",0.000910526,"sim"
"0","97001","98000","5",0.00173684,"sim"
"0","98001","99000","3",0.00106316,"sim"
"0","1","1000","31",0.00841053,"sim"
"0","1001","2000","6",0.00157368,"sim"
"0","2001","3000","4",0.000963158,"sim"
"0","3001","4000","3",0.000821053,"sim"
"0","4001","5000","2",0.000378947,"sim"
"0","5001","6000","3",0.000821053,"sim"
"0","6001","7000","3",0.00129474,"sim"
"0","7001","8000","5",0.00181579,"sim"
"0","8001","9000","2",0.000778947,"sim"
"0","9001","10000","4",0.00141053,"sim"
"0","10001","11000","6",0.00242105,"sim"
"0","11001","12000","11",0.0037,"sim"
"0","12001","13000","4",0.000489474,"sim"
"0","13001","14000","2",0.000542105,"sim"
"0","14001","15000","6",0.00187368,"sim"
"0","15001","16000","6",0.0022,"sim"
"0","16001","17000","6",0.0023,"sim"
"0","17001","18000","7",0.00256316,"sim"
"0","18001","19000","3",0.000626316,"sim"
"0","19001","20000","1",0.000268421,"sim"
"0","20001","21000","3",0.00123158,"sim"
"0","21001","22000","3",0.000963158,"sim"
"0","22001","23000","5",0.000836842,"sim"
"0","23001","24000","3",0.000478947,"sim"
"0","24001","25000","3",0.000636842,"sim"
"0","25001","26000","7",0.00110526,"sim"
"0","26001","27000","11",0.00204211,"sim"
"0","27001","28000","3",0.000852632,"sim"
"0","28001","29000","8",0.00131579,"sim"
"0","29001","30000","2",2e-04,"sim"
"0","30001","31000","1",1e-04,"sim"
"0","31001","32000","5",0.000936842,"sim"
"0","32001","33000","1",0.000189474,"sim"
"0","33001","34000","2",0.000378947,"sim"
"0","34001","35000","3",9e-04,"sim"
"0","35001","36000","5",0.00176316,"sim"
"0","36001","37000","3",0.000389474,"sim"
"0","37001","38000","4",0.0013,"sim"
"0","38001","39000","4",0.00173684,"sim"
"0","39001","40000","5",0.00253684,"sim"
"0","40001","41000","4",0.00198947,"sim"
"0","41001","42000","5",0.00162105,"sim"
"0","42001","43000","7",0.00198421,"sim"
"0","43001","44000","4",0.00125263,"sim"
"0","44001","45000","3",0.00141053,"sim"
"0","45001","46000","10",0.00311053,"sim"
"0","46001","47000","4",4e-04,"sim"
"0","47001","48000","3",0.000810526,"sim"
"0","48001","49000","4",0.000778947,"sim"
"0","49001","50000","7",0.00257895,"sim"
"0","50001","51000","2",0.000536842,"sim"
"0","51001","52000","3",0.000805263,"sim"
"0","52001","53000","7",0.00268421,"sim"
"0","53001","54000","1",0.000394737,"sim"
"0","54001","55000","1",0.000189474,"sim"
"0","55001","56000","3",0.00115263,"sim"
"0","56001","57000","3",0.000942105,"sim"
"0","57001","58000","3",0.000726316,"sim"
"0","58001","59000","4",0.00158421,"sim"
"0","59001","60000","2",0.00102632,"sim"
"0","60001","61000","3",0.000705263,"sim"
"0","61001","62000","2",0.000436842,"sim"
"0","62001","63000","2",0.000694737,"sim"
"0","63001","64000","4",0.00115789,"sim"
"0","64001","65000","3",0.00148947,"sim"
"0","65001","66000","4",0.0013,"sim"
"0","66001","67000","4",0.00133684,"sim"
"0","68001","69000","7",0.00215789,"sim"
"0","69001","70000","4",0.00122632,"sim"
"0","70001","71000","1",1e-04,"sim"
"0","71001","72000","1",0.000521053,"sim"
"0","73001","74000","3",0.000847368,"sim"
"0","74001","75000","3",0.00112632,"sim"
"0","75001","76000","3",0.00137895,"sim"
"0","76001","77000","2",0.00104211,"sim"
"0","77001","78000","4",0.00121579,"sim"
"0","78001","79000","2",0.000605263,"sim"
"0","79001","80000","4",0.00202105,"sim"
"0","80001","81000","4",0.000636842,"sim"
"0","81001","82000","8",0.00269474,"sim"
"0","82001","83000","4",0.000905263,"sim"
"0","83001","84000","2",0.000578947,"sim"
"0","84001","85000","1",0.000478947,"sim"
"0","85001","86000","4",0.00146316,"sim"
"0","86001","87000","5",0.00206842,"sim"
"0","87001","88000","12",0.00549474,"sim"
"0","88001","89000","5",0.00229474,"sim"
"0","89001","90000","5",0.00109474,"sim"
"0","90001","91000","2",0.000368421,"sim"
"0","91001","92000","4",0.00107368,"sim"
"0","92001","93000","4",0.00107368,"sim"
"0","93001","94000","5",0.00149474,"sim"
"0","94001","95000","8",0.00347895,"sim"
"0","95001","96000","2",0.000857895,"sim"
"0","96001","97000","4",0.000910526,"sim"
"0","97001","98000","5",0.00173684,"sim"
"0","98001","99000","3",0.00106316,"sim"
"0","1","1000","31",0.00841053,"sim"
"0","1001","2000","6",0.00157368,"sim"
"0","2001","3000","4",0.000963158,"sim"
"0","3001","4000","3",0.000821053,"sim"
"0","4001","5000","2",0.000378947,"sim"
"0","5001","6000","3",0.000821053,"sim"
"0","6001","7000","3",0.00129474,"sim"
"0","7001","8000","5",0.00181579,"sim"
"0","8001","9000","2",0.000778947,"sim"
"0","9001","10000","4",0.00141053,"sim"
"0","10001","11000","6",0.00242105,"sim"
"0","11001","12000","11",0.0037,"sim"
"0","12001","13000","4",0.000489474,"sim"
"0","13001","14000","2",0.000542105,"sim"
"0","14001","15000","6",0.00187368,"sim"
"0","15001","16000","6",0.0022,"sim"
"0","16001","17000","6",0.0023,"sim"
"0","17001","18000","7",0.00256316,"sim"
"0","18001","19000","3",0.000626316,"sim"
"0","19001","20000","1",0.000268421,"sim"
"0","20001","21000","3",0.00123158,"sim"
"0","21001","22000","3",0.000963158,"sim"
"0","22001","23000","5",0.000836842,"sim"
"0","23001","24000","3",0.000478947,"sim"
"0","24001","25000","3",0.000636842,"sim"
"0","25001","26000","7",0.00110526,"sim"
"0","26001","27000","11",0.00204211,"sim"
"0","27001","28000","3",0.000852632,"sim"
"0","28001","29000","8",0.00131579,"sim"
"0","29001","30000","2",2e-04,"sim"
"0","30001","31000","1",1e-04,"sim"
"0","31001","32000","5",0.000936842,"sim"
"0","32001","33000","1",0.000189474,"sim"
"0","33001","34000","2",0.000378947,"sim"
"0","34001","35000","3",9e-04,"sim"
"0","35001","36000","5",0.00176316,"sim"
"0","36001","37000","3",0.000389474,"sim"
"0","37001","38000","4",0.0013,"sim"
"0","38001","39000","4",0.00173684,"sim"
"0","39001","40000","5",0.00253684,"sim"
"0","40001","41000","4",0.00198947,"sim"
"0","41001","42000","5",0.00162105,"sim"
"0","42001","43000","7",0.00198421,"sim"
"0","43001","44000","4",0.00125263,"sim"
"0","44001","45000","3",0.00141053,"sim"
"0","45001","46000","10",0.00311053,"sim"
"0","46001","47000","4",4e-04,"sim"
"0","47001","48000","3",0.000810526,"sim"
"0","48001","49000","4",0.000778947,"sim"
"0","49001","50000","7",0.00257895,"sim"
"0","50001","51000","2",0.000536842,"sim"
"0","51001","52000","3",0.000805263,"sim"
"0","52001","53000","7",0.00268421,"sim"
"0","53001","54000","1",0.000394737,"sim"
"0","54001","55000","1",0.000189474,"sim"
"0","55001","56000","3",0.00115263,"sim"
"0","56001","57000","3",0.000942105,"sim"
"0","57001","58000","3",0.000726316,"sim"
"0","58001","59000","4",0.00158421,"sim"
"0","59001","60000","2",0.00102632,"sim"
"0","60001","61000","3",0.000705263,"sim"
"0","61001","62000","2",0.000436842,"sim"
"0","62001","63000","2",0.000694737,"sim"
"0","63001","64000","4",0.00115789,"sim"
"0","64001","65000","3",0.00148947,"sim"
"0","65001","66000","4",0.0013,"sim"
"0","66001","67000","4",0.00133684,"sim"
"0","68001","69000","7",0.00215789,"sim"
"0","69001","70000","4",0.00122632,"sim"
"0","70001","71000","1",1e-04,"sim"
"0","71001","72000","1",0.000521053,"sim"
"0","73001","74000","3",0.000847368,"sim"
"0","74001","75000","3",0.00112632,"sim"
"0","75001","76000","3",0.00137895,"sim"
"0","76001","77000","2",0.00104211,"sim"
"0","77001","78000","4",0.00121579,"sim"
"0","78001","79000","2",0.000605263,"sim"
"0","79001","80000","4",0.00202105,"sim"
"0","80001","81000","4",0.000636842,"sim"
"0","81001","82000","8",0.00269474,"sim"
"0","82001","83000","4",0.000905263,"sim"
"0","83001","84000","2",0.000578947,"sim"
"0","84001","85000","1",0.000478947,"sim"
"0","85001","86000","4",0.00146316,"sim"
"0","86001","87000","5",0.00206842,"sim"
"0","87001","88000","12",0.00549474,"sim"
"0","88001","89000","5",0.00229474,"sim"
"0","89001","90000","5",0.00109474,"sim"
"0","90001","91000","2",0.000368421,"sim"
"0","91001","92000","4",0.00107368,"sim"
"0","92001","93000","4",0.00107368,"sim"
"0","93001","94000","5",0.00149474,"sim"
"0","94001","95000","8",0.00347895,"sim"
"0","95001","96000","2",0.000857895,"sim"
"0","96001","97000","4",0.000910526,"sim"
"0","97001","98000","5",0.00173684,"sim"
"0","98001","99000","3",0.00106316,"sim"
"0","1","1000","31",0.00841053,"sim"
"0","1001","2000","6",0.00157368,"sim"
"0","2001","3000","4",0.000963158,"sim"
"0","3001","4000","3",0.000821053,"sim"
"0","4001","5000","2",0.000378947,"sim"
"0","5001","6000","3",0.000821053,"sim"
"0","6001","7000","3",0.00129474,"sim"
"0","7001","8000","5",0.00181579,"sim"
"0","8001","9000","2",0.000778947,"sim"
"0","9001","10000","4",0.00141053,"sim"
"0","10001","11000","6",0.00242105,"sim"
"0","11001","12000","11",0.0037,"sim"
"0","12001","13000","4",0.000489474,"sim"
"0","13001","14000","2",0.000542105,"sim"
"0","14001","15000","6",0.00187368,"sim"
"0","15001","16000","6",0.0022,"sim"
"0","16001","17000","6",0.0023,"sim"
"0","17001","18000","7",0.00256316,"sim"
"0","18001","19000","3",0.000626316,"sim"
"0","19001","20000","1",0.000268421,"sim"
"0","20001","21000","3",0.00123158,"sim"
"0","21001","22000","3",0.000963158,"sim"
"0","22001","23000","5",0.000836842,"sim"
"0","23001","24000","3",0.000478947,"sim"
"0","24001","25000","3",0.000636842,"sim"
"0","25001","26000","7",0.00110526,"sim"
"0","26001","27000","11",0.00204211,"sim"
"0","27001","28000","3",0.000852632,"sim"
"0","28001","29000","8",0.00131579,"sim"
"0","29001","30000","2",2e-04,"sim"
"0","30001","31000","1",1e-04,"sim"
"0","31001","32000","5",0.000936842,"sim"
"0","32001","33000","1",0.000189474,"sim"
"0","33001","34000","2",0.000378947,"sim"
"0","34001","35000","3",9e-04,"sim"
"0","35001","36000","5",0.00176316,"sim"
"0","36001","37000","3",0.000389474,"sim"
"0","37001","38000","4",0.0013,"sim"
"0","38001","39000","4",0.00173684,"sim"
"0","39001","40000","5",0.00253684,"sim"
"0","40001","41000","4",0.00198947,"sim"
"0","41001","42000","5",0.00162105,"sim"
"0","42001","43000","7",0.00198421,"sim"
"0","43001","44000","4",0.00125263,"sim"
"0","44001","45000","3",0.00141053,"sim"
"0","45001","46000","10",0.00311053,"sim"
"0","46001","47000","4",4e-04,"sim"
"0","47001","48000","3",0.000810526,"sim"
"0","48001","49000","4",0.000778947,"sim"
"0","49001","50000","7",0.00257895,"sim"
"0","50001","51000","2",0.000536842,"sim"
"0","51001","52000","3",0.000805263,"sim"
"0","52001","53000","7",0.00268421,"sim"
"0","53001","54000","1",0.000394737,"sim"
"0","54001","55000","1",0.000189474,"sim"
"0","55001","56000","3",0.00115263,"sim"
"0","56001","57000","3",0.000942105,"sim"
"0","57001","58000","3",0.000726316,"sim"
"0","58001","59000","4",0.00158421,"sim"
"0","59001","60000","2",0.00102632,"sim"
"0","60001","61000","3",0.000705263,"sim"
"0","61001","62000","2",0.000436842,"sim"
"0","62001","63000","2",0.000694737,"sim"
"0","63001","64000","4",0.00115789,"sim"
"0","64001","65000","3",0.00148947,"sim"
"0","65001","66000","4",0.0013,"sim"
"0","66001","67000","4",0.00133684,"sim"
"0","68001","69000","7",0.00215789,"sim"
"0","69001","70000","4",0.00122632,"sim"
"0","70001","71000","1",1e-04,"sim"
"0","71001","72000","1",0.000521053,"sim"
"0","73001","74000","3",0.000847368,"sim"
"0","74001","75000","3",0.00112632,"sim"
"0","75001","76000","3",0.00137895,"sim"
"0","76001","77000","2",0.00104211,"sim"
"0","77001","78000","4",0.00121579,"sim"
"0","78001","79000","2",0.000605263,"sim"
"0","79001","80000","4",0.00202105,"sim"
"0","80001","81000","4",0.000636842,"sim"
"0","81001","82000","8",0.00269474,"sim"
"0","82001","83000","4",0.000905263,"sim"
"0","83001","84000","2",0.000578947,"sim"
"0","84001","85000","1",0.000478947,"sim"
"0","85001","86000","4",0.00146316,"sim"
"0","86001","87000","5",0.00206842,"sim"
"0","87001","88000","12",0.00549474,"sim"
"0","88001","89000","5",0.00229474,"sim"
"0","89001","90000","5",0.00109474,"sim"
"0","90001","91000","2",0.000368421,"sim"
"0","91001","92000","4",0.00107368,"sim"
"0","92001","93000","4",0.00107368,"sim"
"0","93001","94000","5",0.00149474,"sim"
"0","94001","95000","8",0.00347895,"sim"
"0","95001","96000","2",0.000857895,"sim"
"0","96001","97000","4",0.000910526,"sim"
"0","97001","98000","5",0.00173684,"sim"
"0","98001","99000","3",0.00106316,"sim"
"0","1","1000","31",0.00841053,"sim"
"0","1001","2000","6",0.00157368,"sim"
"0","2001","3000","4",0.000963158,"sim"
"0","3001","4000","3",0.000821053,"sim"
"0","4001","5000","2",0.000378947,"sim"
"0","5001","6000","3",0.000821053,"sim"
"0","6001","7000","3",0.00129474,"sim"
"0","7001","8000","5",0.00181579,"sim"
"0","8001","9000","2",0.000778947,"sim"
"0","9001","10000","4",0.00141053,"sim"
"0","10001","11000","6",0.00242105,"sim"
"0","11001","12000","11",0.0037,"sim"
"0","12001","13000","4",0.000489474,"sim"
"0","13001","14000","2",0.000542105,"sim"
"0","14001","15000","6",0.00187368,"sim"
"0","15001","16000","6",0.0022,"sim"
"0","16001","17000","6",0.0023,"sim"
"0","17001","18000","7",0.00256316,"sim"
"0","18001","19000","3",0.000626316,"sim"
"0","19001","20000","1",0.000268421,"sim"
"0","20001","21000","3",0.00123158,"sim"
"0","21001","22000","3",0.000963158,"sim"
"0","22001","23000","5",0.000836842,"sim"
"0","23001","24000","3",0.000478947,"sim"
"0","24001","25000","3",0.000636842,"sim"
"0","25001","26000","7",0.00110526,"sim"
"0","26001","27000","11",0.00204211,"sim"
"0","27001","28000","3",0.000852632,"sim"
"0","28001","29000","8",0.00131579,"sim"
"0","29001","30000","2",2e-04,"sim"
"0","30001","31000","1",1e-04,"sim"
"0","31001","32000","5",0.000936842,"sim"
"0","32001","33000","1",0.000189474,"sim"
"0","33001","34000","2",0.000378947,"sim"
"0","34001","35000","3",9e-04,"sim"
"0","35001","36000","5",0.00176316,"sim"
"0","36001","37000","3",0.000389474,"sim"
"0","37001","38000","4",0.0013,"sim"
"0","38001","39000","4",0.00173684,"sim"
"0","39001","40000","5",0.00253684,"sim"
"0","40001","41000","4",0.00198947,"sim"
"0","41001","42000","5",0.00162105,"sim"
"0","42001","43000","7",0.00198421,"sim"
"0","43001","44000","4",0.00125263,"sim"
"0","44001","45000","3",0.00141053,"sim"
"0","45001","46000","10",0.00311053,"sim"
"0","46001","47000","4",4e-04,"sim"
"0","47001","48000","3",0.000810526,"sim"
"0","48001","49000","4",0.000778947,"sim"
"0","49001","50000","7",0.00257895,"sim"
"0","50001","51000","2",0.000536842,"sim"
"0","51001","52000","3",0.000805263,"sim"
"0","52001","53000","7",0.00268421,"sim"
"0","53001","54000","1",0.000394737,"sim"
"0","54001","55000","1",0.000189474,"sim"
"0","55001","56000","3",0.00115263,"sim"
"0","56001","57000","3",0.000942105,"sim"
"0","57001","58000","3",0.000726316,"sim"
"0","58001","59000","4",0.00158421,"sim"
"0","59001","60000","2",0.00102632,"sim"
"0","60001","61000","3",0.000705263,"sim"
"0","61001","62000","2",0.000436842,"sim"
"0","62001","63000","2",0.000694737,"sim"
"0","63001","64000","4",0.00115789,"sim"
"0","64001","65000","3",0.00148947,"sim"
"0","65001","66000","4",0.0013,"sim"
"0","66001","67000","4",0.00133684,"sim"
"0","68001","69000","7",0.00215789,"sim"
"0","69001","70000","4",0.00122632,"sim"
"0","70001","71000","1",1e-04,"sim"
"0","71001","72000","1",0.000521053,"sim"
"0","73001","74000","3",0.000847368,"sim"
"0","74001","75000","3",0.00112632,"sim"
"0","75001","76000","3",0.00137895,"sim"
"0","76001","77000","2",0.00104211,"sim"
"0","77001","78000","4",0.00121579,"sim"
"0","78001","79000","2",0.000605263,"sim"
"0","79001","80000","4",0.00202105,"sim"
"0","80001","81000","4",0.000636842,"sim"
"0","81001","82000","8",0.00269474,"sim"
"0","82001","83000","4",0.000905263,"sim"
"0","83001","84000","2",0.000578947,"sim"
"0","84001","85000","1",0.000478947,"sim"
"0","85001","86000","4",0.00146316,"sim"
"0","86001","87000","5",0.00206842,"sim"
"0","87001","88000","12",0.00549474,"sim"
"0","88001","89000","5",0.00229474,"sim"
"0","89001","90000","5",0.00109474,"sim"
"0","90001","91000","2",0.000368421,"sim"
"0","91001","92000","4",0.00107368,"sim"
"0","92001","93000","4",0.00107368,"sim"
"0","93001","94000","5",0.00149474,"sim"
"0","94001","95000","8",0.00347895,"sim"
"0","95001","96000","2",0.000857895,"sim"
"0","96001","97000","4",0.000910526,"sim"
"0","97001","98000","5",0.00173684,"sim"
"0","98001","99000","3",0.00106316,"sim"
"0","1","1000","31",0.00841053,"sim"
"0","1001","2000","6",0.00157368,"sim"
"0","2001","3000","4",0.000963158,"sim"
"0","3001","4000","3",0.000821053,"sim"
"0","4001","5000","2",0.000378947,"sim"
"0","5001","6000","3",0.000821053,"sim"
"0","6001","7000","3",0.00129474,"sim"
"0","7001","8000","5",0.00181579,"sim"
"0","8001","9000","2",0.000778947,"sim"
"0","9001","10000","4",0.00141053,"sim"
"0","10001","11000","6",0.00242105,"sim"
"0","11001","12000","11",0.0037,"sim"
"0","12001","13000","4",0.000489474,"sim"
"0","13001","14000","2",0.000542105,"sim"
"0","14001","15000","6",0.00187368,"sim"
"0","15001","16000","6",0.0022,"sim"
"0","16001","17000","6",0.0023,"sim"
"0","17001","18000","7",0.00256316,"sim"
"0","18001","19000","3",0.000626316,"sim"
"0","19001","20000","1",0.000268421,"sim"
"0","20001","21000","3",0.00123158,"sim"
"0","21001","22000","3",0.000963158,"sim"
"0","22001","23000","5",0.000836842,"sim"
"0","23001","24000","3",0.000478947,"sim"
"0","24001","25000","3",0.000636842,"sim"
"0","25001","26000","7",0.00110526,"sim"
"0","26001","27000","11",0.00204211,"sim"
"0","27001","28000","3",0.000852632,"sim"
"0","28001","29000","8",0.00131579,"sim"
"0","29001","30000","2",2e-04,"sim"
"0","30001","31000","1",1e-04,"sim"
"0","31001","32000","5",0.000936842,"sim"
"0","32001","33000","1",0.000189474,"sim"
"0","33001","34000","2",0.000378947,"sim"
"0","34001","35000","3",9e-04,"sim"
"0","35001","36000","5",0.00176316,"sim"
"0","36001","37000","3",0.000389474,"sim"
"0","37001","38000","4",0.0013,"sim"
"0","38001","39000","4",0.00173684,"sim"
"0","39001","40000","5",0.00253684,"sim"
"0","40001","41000","4",0.00198947,"sim"
"0","41001","42000","5",0.00162105,"sim"
"0","42001","43000","7",0.00198421,"sim"
"0","43001","44000","4",0.00125263,"sim"
"0","44001","45000","3",0.00141053,"sim"
"0","45001","46000","10",0.00311053,"sim"
"0","46001","47000","4",4e-04,"sim"
"0","47001","48000","3",0.000810526,"sim"
"0","48001","49000","4",0.000778947,"sim"
"0","49001","50000","7",0.00257895,"sim"
"0","50001","51000","2",0.000536842,"sim"
"0","51001","52000","3",0.000805263,"sim"
"0","52001","53000","7",0.00268421,"sim"
"0","53001","54000","1",0.000394737,"sim"
"0","54001","55000","1",0.000189474,"sim"
"0","55001","56000","3",0.00115263,"sim"
"0","56001","57000","3",0.000942105,"sim"
"0","57001","58000","3",0.000726316,"sim"
"0","58001","59000","4",0.00158421,"sim"
"0","59001","60000","2",0.00102632,"sim"
"0","60001","61000","3",0.000705263,"sim"
"0","61001","62000","2",0.000436842,"sim"
"0","62001","63000","2",0.000694737,"sim"
"0","63001","64000","4",0.00115789,"sim"
"0","64001","65000","3",0.00148947,"sim"
"0","65001","66000","4",0.0013,"sim"
"0","66001","67000","4",0.00133684,"sim"
"0","68001","69000","7",0.00215789,"sim"
"0","69001","70000","4",0.00122632,"sim"
"0","70001","71000","1",1e-04,"sim"
"0","71001","72000","1",0.000521053,"sim"
"0","73001","74000","3",0.000847368,"sim"
"0","74001","75000","3",0.00112632,"sim"
"0","75001","76000","3",0.00137895,"sim"
"0","76001","77000","2",0.00104211,"sim"
"0","77001","78000","4",0.00121579,"sim"
"0","78001","79000","2",0.000605263,"sim"
"0","79001","80000","4",0.00202105,"sim"
"0","80001","81000","4",0.000636842,"sim"
"0","81001","82000","8",0.00269474,"sim"
"0","82001","83000","4",0.000905263,"sim"
"0","83001","84000","2",0.000578947,"sim"
"0","84001","85000","1",0.000478947,"sim"
"0","85001","86000","4",0.00146316,"sim"
"0","86001","87000","5",0.00206842,"sim"
"0","87001","88000","12",0.00549474,"sim"
"0","88001","89000","5",0.00229474,"sim"
"0","89001","90000","5",0.00109474,"sim"
"0","90001","91000","2",0.000368421,"sim"
"0","91001","92000","4",0.00107368,"sim"
"0","92001","93000","4",0.00107368,"sim"
"0","93001","94000","5",0.00149474,"sim"
"0","94001","95000","8",0.00347895,"sim"
"0","95001","96000","2",0.000857895,"sim"
"0","96001","97000","4",0.000910526,"sim"
"0","97001","98000","5",0.00173684,"sim"
"0","98001","99000","3",0.00106316,"sim"
"0","1","1000","31",0.00841053,"sim"
"0","1001","2000","6",0.00157368,"sim"
"0","2001","3000","4",0.000963158,"sim"
"0","3001","4000","3",0.000821053,"sim"
"0","4001","5000","2",0.000378947,"sim"
"0","5001","6000","3",0.000821053,"sim"
"0","6001","7000","3",0.00129474,"sim"
"0","7001","8000","5",0.00181579,"sim"
"0","8001","9000","2",0.000778947,"sim"
"0","9001","10000","4",0.00141053,"sim"
"0","10001","11000","6",0.00242105,"sim"
"0","11001","12000","11",0.0037,"sim"
"0","12001","13000","4",0.000489474,"sim"
"0","13001","14000","2",0.000542105,"sim"
"0","14001","15000","6",0.00187368,"sim"
"0","15001","16000","6",0.0022,"sim"
"0","16001","17000","6",0.0023,"sim"
"0","17001","18000","7",0.00256316,"sim"
"0","18001","19000","3",0.000626316,"sim"
"0","19001","20000","1",0.000268421,"sim"
"0","20001","21000","3",0.00123158,"sim"
"0","21001","22000","3",0.000963158,"sim"
"0","22001","23000","5",0.000836842,"sim"
"0","23001","24000","3",0.000478947,"sim"
"0","24001","25000","3",0.000636842,"sim"
"0","25001","26000","7",0.00110526,"sim"
"0","26001","27000","11",0.00204211,"sim"
"0","27001","28000","3",0.000852632,"sim"
"0","28001","29000","8",0.00131579,"sim"
"0","29001","30000","2",2e-04,"sim"
"0","30001","31000","1",1e-04,"sim"
"0","31001","32000","5",0.000936842,"sim"
"0","32001","33000","1",0.000189474,"sim"
"0","33001","34000","2",0.000378947,"sim"
"0","34001","35000","3",9e-04,"sim"
"0","35001","36000","5",0.00176316,"sim"
"0","36001","37000","3",0.000389474,"sim"
"0","37001","38000","4",0.0013,"sim"
"0","38001","39000","4",0.00173684,"sim"
"0","39001","40000","5",0.00253684,"sim"
"0","40001","41000","4",0.00198947,"sim"
"0","41001","42000","5",0.00162105,"sim"
"0","42001","43000","7",0.00198421,"sim"
"0","43001","44000","4",0.00125263,"sim"
"0","44001","45000","3",0.00141053,"sim"
"0","45001","46000","10",0.00311053,"sim"
"0","46001","47000","4",4e-04,"sim"
"0","47001","48000","3",0.000810526,"sim"
"0","48001","49000","4",0.000778947,"sim"
"0","49001","50000","7",0.00257895,"sim"
"0","50001","51000","2",0.000536842,"sim"
"0","51001","52000","3",0.000805263,"sim"
"0","52001","53000","7",0.00268421,"sim"
"0","53001","54000","1",0.000394737,"sim"
"0","54001","55000","1",0.000189474,"sim"
"0","55001","56000","3",0.00115263,"sim"
"0","56001","57000","3",0.000942105,"sim"
"0","57001","58000","3",0.000726316,"sim"
"0","58001","59000","4",0.00158421,"sim"
"0","59001","60000","2",0.00102632,"sim"
"0","60001","61000","3",0.000705263,"sim"
"0","61001","62000","2",0.000436842,"sim"
"0","62001","63000","2",0.000694737,"sim"
"0","63001","64000","4",0.00115789,"sim"
"0","64001","65000","3",0.00148947,"sim"
"0","65001","66000","4",0.0013,"sim"
"0","66001","67000","4",0.00133684,"sim"
"0","68001","69000","7",0.00215789,"sim"
"0","69001","70000","4",0.00122632,"sim"
"0","70001","71000","1",1e-04,"sim"
"0","71001","72000","1",0.000521053,"sim"
"0","73001","74000","3",0.000847368,"sim"
"0","74001","75000","3",0.00112632,"sim"
"0","75001","76000","3",0.00137895,"sim"
"0","76001","77000","2",0.00104211,"sim"
"0","77001","78000","4",0.00121579,"sim"
"0","78001","79000","2",0.000605263,"sim"
"0","79001","80000","4",0.00202105,"sim"
"0","80001","81000","4",0.000636842,"sim"
"0","81001","82000","8",0.00269474,"sim"
"0","82001","83000","4",0.000905263,"sim"
"0","83001","84000","2",0.000578947,"sim"
"0","84001","85000","1",0.000478947,"sim"
"0","85001","86000","4",0.00146316,"sim"
"0","86001","87000","5",0.00206842,"sim"
"0","87001","88000","12",0.00549474,"sim"
"0","88001","89000","5",0.00229474,"sim"
"0","89001","90000","5",0.00109474,"sim"
"0","90001","91000","2",0.000368421,"sim"
"0","91001","92000","4",0.00107368,"sim"
"0","92001","93000","4",0.00107368,"sim"
"0","93001","94000","5",0.00149474,"sim"
"0","94001","95000","8",0.00347895,"sim"
"0","95001","96000","2",0.000857895,"sim"
"0","96001","97000","4",0.000910526,"sim"
"0","97001","98000","5",0.00173684,"sim"
"0","98001","99000","3",0.00106316,"sim"
"0","1","1000","31",0.00841053,"sim"
"0","1001","2000","6",0.00157368,"sim"
"0","2001","3000","4",0.000963158,"sim"
"0","3001","4000","3",0.000821053,"sim"
"0","4001","5000","2",0.000378947,"sim"
"0","5001","6000","3",0.000821053,"sim"
"0","6001","7000","3",0.00129474,"sim"
"0","7001","8000","5",0.00181579,"sim"
"0","8001","9000","2",0.000778947,"sim"
"0","9001","10000","4",0.00141053,"sim"
"0","10001","11000","6",0.00242105,"sim"
"0","11001","12000","11",0.0037,"sim"
"0","12001","13000","4",0.000489474,"sim"
"0","13001","14000","2",0.000542105,"sim"
"0","14001","15000","6",0.00187368,"sim"
"0","15001","16000","6",0.0022,"sim"
"0","16001","17000","6",0.0023,"sim"
"0","17001","18000","7",0.00256316,"sim"
"0","18001","19000","3",0.000626316,"sim"
"0","19001","20000","1",0.000268421,"sim"
"0","20001","21000","3",0.00123158,"sim"
"0","21001","22000","3",0.000963158,"sim"
"0","22001","23000","5",0.000836842,"sim"
"0","23001","24000","3",0.000478947,"sim"
"0","24001","25000","3",0.000636842,"sim"
"0","25001","26000","7",0.00110526,"sim"
"0","26001","27000","11",0.00204211,"sim"
"0","27001","28000","3",0.000852632,"sim"
"0","28001","29000","8",0.00131579,"sim"
"0","29001","30000","2",2e-04,"sim"
"0","30001","31000","1",1e-04,"sim"
"0","31001","32000","5",0.000936842,"sim"
"0","32001","33000","1",0.000189474,"sim"
"0","33001","34000","2",0.000378947,"sim"
"0","34001","35000","3",9e-04,"sim"
"0","35001","36000","5",0.00176316,"sim"
"0","36001","37000","3",0.000389474,"sim"
"0","37001","38000","4",0.0013,"sim"
"0","38001","39000","4",0.00173684,"sim"
"0","39001","40000","5",0.00253684,"sim"
"0","40001","41000","4",0.00198947,"sim"
"0","41001","42000","5",0.00162105,"sim"
"0","42001","43000","7",0.00198421,"sim"
"0","43001","44000","4",0.00125263,"sim"
"0","44001","45000","3",0.00141053,"sim"
"0","45001","46000","10",0.00311053,"sim"
"0","46001","47000","4",4e-04,"sim"
"0","47001","48000","3",0.000810526,"sim"
"0","48001","49000","4",0.000778947,"sim"
"0","49001","50000","7",0.00257895,"sim"
"0","50001","51000","2",0.000536842,"sim"
"0","51001","52000","3",0.000805263,"sim"
"0","52001","53000","7",0.00268421,"sim"
"0","53001","54000","1",0.000394737,"sim"
"0","54001","55000","1",0.000189474,"sim"
"0","55001","56000","3",0.00115263,"sim"
"0","56001","57000","3",0.000942105,"sim"
"0","57001","58000","3",0.000726316,"sim"
"0","58001","59000","4",0.00158421,"sim"
"0","59001","60000","2",0.00102632,"sim"
"0","60001","61000","3",0.000705263,"sim"
"0","61001","62000","2",0.000436842,"sim"
"0","62001","63000","2",0.000694737,"sim"
"0","63001","64000","4",0.00115789,"sim"
"0","64001","65000","3",0.00148947,"sim"
"0","65001","66000","4",0.0013,"sim"
"0","66001","67000","4",0.00133684,"sim"
"0","68001","69000","7",0.00215789,"sim"
"0","69001","70000","4",0.00122632,"sim"
"0","70001","71000","1",1e-04,"sim"
"0","71001","72000","1",0.000521053,"sim"
"0","73001","74000","3",0.000847368,"sim"
"0","74001","75000","3",0.00112632,"sim"
"0","75001","76000","3",0.00137895,"sim"
"0","76001","77000","2",0.00104211,"sim"
"0","77001","78000","4",0.00121579,"sim"
"0","78001","79000","2",0.000605263,"sim"
"0","79001","80000","4",0.00202105,"sim"
"0","80001","81000","4",0.000636842,"sim"
"0","81001","82000","8",0.00269474,"sim"
"0","82001","83000","4",0.000905263,"sim"
"0","83001","84000","2",0.000578947,"sim"
"0","84001","85000","1",0.000478947,"sim"
"0","85001","86000","4",0.00146316,"sim"
"0","86001","87000","5",0.00206842,"sim"
"0","87001","88000","12",0.00549474,"sim"
"0","88001","89000","5",0.00229474,"sim"
"0","89001","90000","5",0.00109474,"sim"
"0","90001","91000","2",0.000368421,"sim"
"0","91001","92000","4",0.00107368,"sim"
"0","92001","93000","4",0.00107368,"sim"
"0","93001","94000","5",0.00149474,"sim"
"0","94001","95000","8",0.00347895,"sim"
"0","95001","96000","2",0.000857895,"sim"
"0","96001","97000","4",0.000910526,"sim"
"0","97001","98000","5",0.00173684,"sim"
"0","98001","99000","3",0.00106316,"sim"
"scaffold_13","4853001","4854000","9",0.000524884,"meg"
"scaffold_13","1271001","1272000","7",0.000508082,"meg"
"scaffold_13","2355001","2356000","5",0.000227332,"meg"
"scaffold_13","6975001","6976000","1",2.63401e-05,"meg"
"scaffold_13","6573001","6574000","60",0.011405,"meg"
"scaffold_13","5808001","5809000","8",0.000529697,"meg"
"scaffold_13","5655001","5656000","5",0.000306612,"meg"
"scaffold_13","1800001","1801000","4",0.000137345,"meg"
"scaffold_13","4376001","4377000","4",0.000121477,"meg"
"scaffold_13","1809001","1810000","2",0.000147607,"meg"
"scaffold_13","1631001","1632000","8",0.000572122,"meg"
"scaffold_13","579001","580000","19",0.00174113,"meg"
"scaffold_13","1034001","1035000","15",0.00086862,"meg"
"scaffold_13","4413001","4414000","7",0.000280616,"meg"
"scaffold_13","1555001","1556000","5",0.000554394,"meg"
"scaffold_13","658001","659000","7",0.0004657,"meg"
"scaffold_13","1305001","1306000","51",0.00695268,"meg"
"scaffold_13","4693001","4694000","19",0.00168807,"meg"
"scaffold_13","5216001","5217000","1",0.000126412,"meg"
"scaffold_13","4325001","4326000","6",0.000227499,"meg"
"scaffold_13","6737001","6738000","2",6.32701e-05,"meg"
"scaffold_13","5525001","5526000","13",0.000814371,"meg"
"scaffold_13","5044001","5045000","2",6.32674e-05,"meg"
"scaffold_13","1930001","1931000","23",0.00216113,"meg"
"scaffold_13","2597001","2598000","9",0.000694687,"meg"
"scaffold_13","5295001","5296000","13",0.000506057,"meg"
"scaffold_13","2664001","2665000","9",0.000562203,"meg"
"scaffold_13","1844001","1845000","11",0.000732935,"meg"
"scaffold_13","1947001","1948000","5",0.00023253,"meg"
"scaffold_13","5456001","5457000","11",0.000467528,"meg"
"scaffold_13","2384001","2385000","8",0.00069354,"meg"
"scaffold_13","1404001","1405000","1",3.68735e-05,"meg"
"scaffold_13","5414001","5415000","1",3.68735e-05,"meg"
"scaffold_13","457001","458000","17",0.00122287,"meg"
"scaffold_13","7043001","7044000","4",0.000211271,"meg"
"scaffold_13","1510001","1511000","3",0.000205734,"meg"
"scaffold_13","6487001","6488000","1",6.32118e-05,"meg"
"scaffold_13","5596001","5597000","1",5.2684e-06,"meg"
"scaffold_13","5143001","5144000","5",0.000158633,"meg"
"scaffold_13","3887001","3888000","7",0.000354758,"meg"
"scaffold_13","5149001","5150000","27",0.00157239,"meg"
"scaffold_13","2841001","2842000","4",0.000332536,"meg"
"scaffold_13","5697001","5698000","17",0.00104097,"meg"
"scaffold_13","5430001","5431000","7",0.000227673,"meg"
"scaffold_13","4297001","4298000","1",7.90147e-05,"meg"
"scaffold_13","3950001","3951000","5",0.000179738,"meg"
"scaffold_13","1426001","1427000","8",0.000391995,"meg"
"scaffold_13","3816001","3817000","13",0.000686028,"meg"
"scaffold_13","5211001","5212000","2",0.000105412,"meg"
"scaffold_13","1752001","1753000","2",0.000205573,"meg"
"scaffold_13","2112001","2113000","2",0.000105412,"meg"
"scaffold_13","2251001","2252000","12",0.000738666,"meg"
"scaffold_13","2599001","2600000","1",3.68735e-05,"meg"
"scaffold_13","5450001","5451000","2",8.96327e-05,"meg"
"scaffold_13","2100001","2101000","11",0.000843949,"meg"
"scaffold_13","6664001","6665000","4",0.000200649,"meg"
"scaffold_13","986001","987000","6",0.000513013,"meg"
"scaffold_13","3734001","3735000","17",0.00116347,"meg"
"scaffold_13","2559001","2560000","1",3.68735e-05,"meg"
"scaffold_13","7014001","7015000","3",0.000131893,"meg"
"scaffold_13","6483001","6484000","1",4.74046e-05,"meg"
"scaffold_13","386001","387000","7",0.000418098,"meg"
"scaffold_13","4922001","4923000","5",0.000280099,"meg"
"scaffold_13","3567001","3568000","6",0.000390798,"meg"
"scaffold_13","1988001","1989000","2",8.43642e-05,"meg"
"scaffold_13","4855001","4856000","2",0.000131801,"meg"
"scaffold_13","3373001","3374000","23",0.00230848,"meg"
"scaffold_13","1476001","1477000","4",0.00021129,"meg"
"scaffold_13","4766001","4767000","2",8.43664e-05,"meg"
"scaffold_13","4286001","4287000","7",0.000570366,"meg"
"scaffold_13","6144001","6145000","5",0.000269516,"meg"
"scaffold_13","3244001","3245000","2",5.80004e-05,"meg"
"scaffold_13","1850001","1851000","2",5.27276e-05,"meg"
"scaffold_13","6824001","6825000","1",0.000147423,"meg"
"scaffold_13","4666001","4667000","6",0.000179909,"meg"
"scaffold_13","3210001","3211000","9",0.000297174,"meg"
"scaffold_13","4397001","4398000","4",0.000290438,"meg"
"scaffold_13","364001","365000","12",0.000823614,"meg"
"scaffold_13","6790001","6791000","185",0.0364925,"meg"
"scaffold_13","1591001","1592000","10",0.000313361,"meg"
"scaffold_13","5513001","5514000","10",0.000371706,"meg"
"scaffold_13","4323001","4324000","7",0.000381069,"meg"
"scaffold_13","4532001","4533000","5",0.000243029,"meg"
"scaffold_13","3959001","3960000","2",0.000173908,"meg"
"scaffold_13","3388001","3389000","13",0.000745359,"meg"
"scaffold_13","302001","303000","18",0.00148906,"meg"
"scaffold_13","4149001","4150000","1",7.90147e-05,"meg"
"scaffold_13","2613001","2614000","6",0.000179959,"meg"
"scaffold_13","3042001","3043000","3",0.000200513,"meg"
"scaffold_13","2735001","2736000","5",0.000195549,"meg"
"scaffold_13","2408001","2409000","12",0.00150714,"meg"
"scaffold_13","1537001","1538000","7",0.000555764,"meg"
"scaffold_13","5979001","5980000","7",0.00019599,"meg"
"scaffold_13","1924001","1925000","6",0.000280398,"meg"
"scaffold_13","2905001","2906000","4",0.000142628,"meg"
"scaffold_13","2136001","2137000","2",0.000358315,"meg"
"scaffold_13","5154001","5155000","8",0.00051342,"meg"
"scaffold_13","543001","544000","11",0.0017673,"meg"
"scaffold_13","3750001","3751000","10",0.000430142,"meg"
"scaffold_13","7171001","7172000","55",0.017869,"meg"
"scaffold_13","1001001","1002000","11",0.000944107,"meg"
"scaffold_13","3930001","3931000","7",0.000735069,"meg"
"scaffold_13","254001","255000","12",0.00114113,"meg"
"scaffold_13","1129001","1130000","8",0.000540397,"meg"
"scaffold_13","6161001","6162000","4",0.000153164,"meg"
"scaffold_13","7070001","7071000","5",0.000142747,"meg"
"scaffold_13","2390001","2391000","9",0.000493039,"meg"
"scaffold_13","3994001","3995000","8",0.000508458,"meg"
"scaffold_13","2424001","2425000","11",0.00106126,"meg"
"scaffold_13","104001","105000","9",0.000810815,"meg"
"scaffold_13","256001","257000","108",0.016846,"meg"
"scaffold_13","6094001","6095000","6",0.000454584,"meg"
"scaffold_13","5984001","5985000","4",0.000332677,"meg"
"scaffold_13","4674001","4675000","9",0.000603612,"meg"
"scaffold_13","4065001","4066000","10",0.00102258,"meg"
"scaffold_13","2680001","2681000","8",0.000539905,"meg"
"scaffold_13","7131001","7132000","104",0.0321756,"meg"
"scaffold_13","809001","810000","11",0.000472803,"meg"
"scaffold_13","5691001","5692000","3",0.000153023,"meg"
"scaffold_13","5199001","5200000","3",0.000184683,"meg"
"scaffold_13","3612001","3613000","3",0.000263781,"meg"
"scaffold_13","2064001","2065000","2",2.1094e-05,"meg"
"scaffold_13","394001","395000","10",0.000504337,"meg"
"scaffold_13","1379001","1380000","1",0.000105332,"meg"
"scaffold_13","2811001","2812000","5",0.000401089,"meg"
"scaffold_13","2657001","2658000","5",0.000354087,"meg"
"scaffold_13","192001","193000","9",0.000963973,"meg"
"scaffold_13","5840001","5841000","3",0.000116092,"meg"
"scaffold_13","4947001","4948000","2",9.48817e-05,"meg"
"scaffold_13","5079001","5080000","18",0.00119061,"meg"
"scaffold_13","6469001","6470000","7",0.000402123,"meg"
"scaffold_13","1811001","1812000","6",0.000438708,"meg"
"scaffold_13","5226001","5227000","6",0.000296047,"meg"
"scaffold_13","3070001","3071000","2",9.48817e-05,"meg"
"scaffold_13","2190001","2191000","16",0.00180437,"meg"
"scaffold_13","7139001","7140000","85",0.0279356,"meg"
"scaffold_13","5649001","5650000","1",6.84567e-05,"meg"
"scaffold_13","6133001","6134000","2",7.38085e-05,"meg"
"scaffold_13","6391001","6392000","2",0.000105408,"meg"
"scaffold_13","4170001","4171000","12",0.000611579,"meg"
"scaffold_13","38001","39000","10",0.000986601,"meg"
"scaffold_13","1020001","1021000","10",0.000324108,"meg"
"scaffold_13","2143001","2144000","3",0.000126663,"meg"
"scaffold_13","6822001","6823000","4",8.4534e-05,"meg"
"scaffold_13","2248001","2249000","6",0.000333277,"meg"
"scaffold_13","1130001","1131000","26",0.00129603,"meg"
"scaffold_13","5671001","5672000","2",6.32775e-05,"meg"
"scaffold_13","1704001","1705000","7",0.000438965,"meg"
"scaffold_13","2421001","2422000","8",0.000619739,"meg"
"scaffold_13","804001","805000","10",0.000710197,"meg"
"scaffold_13","593001","594000","15",0.000602789,"meg"
"scaffold_13","4656001","4657000","2",0.000115987,"meg"
"scaffold_13","1180001","1181000","5",0.000618001,"meg"
"scaffold_13","2010001","2011000","2",0.000115993,"meg"
"scaffold_13","5441001","5442000","4",0.000179496,"meg"
"scaffold_13","6651001","6652000","3",0.000163562,"meg"
"scaffold_13","3534001","3535000","1",6.32118e-05,"meg"
"scaffold_13","3686001","3687000","7",0.000788218,"meg"
"scaffold_13","2467001","2468000","4",0.000200684,"meg"
"scaffold_13","6339001","6340000","22",0.00154956,"meg"
"scaffold_13","3646001","3647000","7",0.000576927,"meg"
"scaffold_13","3195001","3196000","5",0.000459632,"meg"
"scaffold_13","3352001","3353000","8",0.000518917,"meg"
"scaffold_13","2828001","2829000","3",8.44443e-05,"meg"
"scaffold_13","5642001","5643000","4",7.39672e-05,"meg"
"scaffold_13","3058001","3059000","1",4.21441e-05,"meg"
"scaffold_13","29001","30000","9",0.000577854,"meg"
"scaffold_13","4613001","4614000","6",0.000216975,"meg"
"scaffold_13","5531001","5532000","9",0.000799915,"meg"
"scaffold_13","5305001","5306000","2",0.000284621,"meg"
"scaffold_13","4238001","4239000","4",0.000422333,"meg"
"scaffold_13","2294001","2295000","6",0.000349053,"meg"
"scaffold_13","4240001","4241000","2",0.000115941,"meg"
"scaffold_13","163001","164000","7",0.000275411,"meg"
"scaffold_13","4169001","4170000","3",0.000284606,"meg"
"scaffold_13","1224001","1225000","9",0.000720259,"meg"
"scaffold_13","3406001","3407000","3",0.000152962,"meg"
"scaffold_13","2352001","2353000","11",0.000795667,"meg"
"scaffold_13","3482001","3483000","4",0.000321951,"meg"
"scaffold_13","6285001","6286000","67",0.0171662,"meg"
"scaffold_13","3701001","3702000","3",0.000327037,"meg"
"scaffold_13","3041001","3042000","39",0.00603056,"meg"
"scaffold_13","4409001","4410000","2",0.000105412,"meg"
"scaffold_13","6802001","6803000","6",0.000391398,"meg"
"scaffold_13","1185001","1186000","6",0.000497136,"meg"
"scaffold_13","6840001","6841000","1",4.74046e-05,"meg"
"scaffold_13","4300001","4301000","7",0.000307049,"meg"
"scaffold_13","5702001","5703000","5",0.000348692,"meg"
"scaffold_13","3925001","3926000","7",0.000449957,"meg"
"scaffold_13","2705001","2706000","14",0.000761165,"meg"
"scaffold_13","224001","225000","13",0.000988163,"meg"
"scaffold_13","1542001","1543000","8",0.000762127,"meg"
"scaffold_13","5704001","5705000","2",6.85477e-05,"meg"
"scaffold_13","1966001","1967000","3",0.000237366,"meg"
"scaffold_13","3984001","3985000","3",0.000126637,"meg"
"scaffold_13","4622001","4623000","4",0.000321981,"meg"
"scaffold_13","3351001","3352000","4",0.000216538,"meg"
"scaffold_13","6539001","6540000","17",0.00163294,"meg"
"scaffold_13","707001","708000","15",0.00112911,"meg"
"scaffold_13","240001","241000","9",0.00118005,"meg"
"scaffold_13","5097001","5098000","10",0.000562507,"meg"
"scaffold_13","7163001","7164000","121",0.0420707,"meg"
"scaffold_13","6428001","6429000","2",8.43361e-05,"meg"
"scaffold_13","3769001","3770000","31",0.00379555,"meg"
"scaffold_13","59001","60000","14",0.000697889,"meg"
"scaffold_13","6020001","6021000","1",5.79325e-05,"meg"
"scaffold_13","3650001","3651000","5",0.000316979,"meg"
"scaffold_13","3962001","3963000","3",0.000195193,"meg"
"scaffold_13","7057001","7058000","2",8.43468e-05,"meg"
"scaffold_13","6012001","6013000","4",0.0004329,"meg"
"scaffold_13","2205001","2206000","8",0.000736174,"meg"
"scaffold_13","3768001","3769000","2",0.000168687,"meg"
"scaffold_13","182001","183000","6",0.000523217,"meg"
"scaffold_13","6049001","6050000","4",0.000137305,"meg"
"scaffold_13","5063001","5064000","12",0.000781578,"meg"
"scaffold_13","4821001","4822000","5",0.000211428,"meg"
"scaffold_13","1897001","1898000","4",0.000174287,"meg"
"scaffold_13","1273001","1274000","6",0.000391514,"meg"
"scaffold_13","3032001","3033000","10",0.000398231,"meg"
"scaffold_13","1126001","1127000","4",0.000274492,"meg"
"scaffold_13","6844001","6845000","3",0.000163479,"meg"
"scaffold_13","6170001","6171000","6",0.000274927,"meg"
"scaffold_13","4967001","4968000","1",5.79325e-05,"meg"
"scaffold_13","5693001","5694000","5",0.00025907,"meg"
"scaffold_13","418001","419000","9",0.000429742,"meg"
"scaffold_13","4296001","4297000","8",0.00035517,"meg"
"scaffold_13","4760001","4761000","1",2.63401e-05,"meg"
"scaffold_13","1931001","1932000","9",0.000546239,"meg"
"scaffold_13","2127001","2128000","14",0.000638791,"meg"
"scaffold_13","5911001","5912000","3",0.000247881,"meg"
"scaffold_13","1434001","1435000","7",0.000417967,"meg"
"scaffold_13","3604001","3605000","7",0.000502837,"meg"
"scaffold_13","6401001","6402000","15",0.00148475,"meg"
"scaffold_13","2351001","2352000","4",0.000322,"meg"
"scaffold_13","3977001","3978000","2",0.000189742,"meg"
"scaffold_13","4209001","4210000","8",0.000471094,"meg"
"scaffold_13","1246001","1247000","4",0.00027966,"meg"
"scaffold_13","2337001","2338000","2",0.000110723,"meg"
"scaffold_13","1342001","1343000","7",0.000486796,"meg"
"scaffold_13","6377001","6378000","5",0.000285268,"meg"
"scaffold_13","4018001","4019000","3",0.000121342,"meg"
"scaffold_13","5520001","5521000","3",0.000116094,"meg"
"scaffold_13","4854001","4855000","39",0.00505683,"meg"
"scaffold_13","338001","339000","16",0.00134535,"meg"
"scaffold_13","2870001","2871000","5",0.000332956,"meg"
"scaffold_13","2513001","2514000","3",0.000121385,"meg"
"scaffold_13","3916001","3917000","6",0.000359533,"meg"
"scaffold_13","2658001","2659000","8",0.000407902,"meg"
"scaffold_13","1737001","1738000","1",4.21441e-05,"meg"
"scaffold_13","3317001","3318000","4",0.000242692,"meg"
"scaffold_13","2321001","2322000","2",6.85397e-05,"meg"
"scaffold_13","164001","165000","14",0.000718792,"meg"
"scaffold_13","1484001","1485000","4",0.000506511,"meg"
"scaffold_13","3522001","3523000","6",0.000317437,"meg"
"scaffold_13","2222001","2223000","4",0.000137348,"meg"
"scaffold_13","6122001","6123000","6",0.0003333,"meg"
"scaffold_13","6456001","6457000","2",4.2185e-05,"meg"
"scaffold_13","1996001","1997000","6",0.000275156,"meg"
"scaffold_13","562001","563000","4",0.000764736,"meg"
"scaffold_13","4025001","4026000","17",0.00184819,"meg"
"scaffold_13","1503001","1504000","13",0.000814488,"meg"
"scaffold_13","3561001","3562000","6",0.000327989,"meg"
"scaffold_13","2015001","2016000","3",7.91661e-05,"meg"
"scaffold_13","4556001","4557000","5",0.000354111,"meg"
"scaffold_13","3090001","3091000","8",0.000296764,"meg"
"scaffold_13","5381001","5382000","17",0.000923588,"meg"
"scaffold_13","6665001","6666000","5",0.000338136,"meg"
"scaffold_13","842001","843000","13",0.000972737,"meg"
"scaffold_13","5359001","5360000","2",6.32701e-05,"meg"
"scaffold_13","2785001","2786000","1",3.68735e-05,"meg"
"scaffold_13","488001","489000","7",0.000629613,"meg"
"scaffold_13","6587001","6588000","7",0.000312457,"meg"
"scaffold_13","2155001","2156000","5",0.000353883,"meg"
"scaffold_13","3982001","3983000","5",0.000601821,"meg"
"scaffold_13","3809001","3810000","4",0.000195352,"meg"
"scaffold_13","4392001","4393000","8",0.000344488,"meg"
"scaffold_13","1590001","1591000","15",0.000618898,"meg"
"scaffold_13","3609001","3610000","21",0.000948091,"meg"
"scaffold_13","4485001","4486000","3",0.000458532,"meg"
"scaffold_13","1695001","1696000","5",0.00019563,"meg"
"scaffold_13","2303001","2304000","4",0.000443073,"meg"
"scaffold_13","473001","474000","16",0.000891199,"meg"
"scaffold_13","6310001","6311000","7",0.0003811,"meg"
"scaffold_13","2609001","2610000","5",0.000227286,"meg"
"scaffold_13","5056001","5057000","2",3.69136e-05,"meg"
"scaffold_13","6728001","6729000","1",3.68735e-05,"meg"
"scaffold_13","5268001","5269000","5",0.000232597,"meg"
"scaffold_13","987001","988000","11",0.000573742,"meg"
"scaffold_13","303001","304000","13",0.00172098,"meg"
"scaffold_13","5817001","5818000","7",0.000640191,"meg"
"scaffold_13","1415001","1416000","6",0.000629051,"meg"
"scaffold_13","619001","620000","11",0.00146337,"meg"
"scaffold_13","4894001","4895000","4",0.000248244,"meg"
"scaffold_13","2061001","2062000","4",0.000253504,"meg"
"scaffold_13","1325001","1326000","4",0.00020059,"meg"
"scaffold_13","3906001","3907000","2",0.000158136,"meg"
"scaffold_13","2815001","2816000","6",0.000808237,"meg"
"scaffold_13","3066001","3067000","9",0.000556881,"meg"
"scaffold_13","5346001","5347000","12",0.000521357,"meg"
"scaffold_13","5424001","5425000","2",0.000268826,"meg"
"scaffold_13","3667001","3668000","3",0.000395347,"meg"
"scaffold_13","2605001","2606000","5",0.000295921,"meg"
"scaffold_13","146001","147000","20",0.00151155,"meg"
"scaffold_13","2943001","2944000","2",5.27276e-05,"meg"
"scaffold_13","1804001","1805000","2",0.000142307,"meg"
"scaffold_13","3738001","3739000","4",0.000200712,"meg"
"scaffold_13","3764001","3765000","3",0.000348052,"meg"
"scaffold_13","4536001","4537000","7",0.00065047,"meg"
"scaffold_13","6034001","6035000","2",0.00012652,"meg"
"scaffold_13","5419001","5420000","2",0.000194987,"meg"
"scaffold_13","5331001","5332000","6",0.00054984,"meg"
"scaffold_13","6896001","6897000","4",0.000369175,"meg"
"scaffold_13","95001","96000","6",0.00027518,"meg"
"scaffold_13","2740001","2741000","6",0.000407112,"meg"
"scaffold_13","7109001","7110000","100",0.019332,"meg"
"scaffold_13","4464001","4465000","24",0.00167066,"meg"
"scaffold_13","1948001","1949000","9",0.000709795,"meg"
"scaffold_13","3992001","3993000","7",0.000312399,"meg"
"scaffold_13","6791001","6792000","14",0.000623352,"meg"
"scaffold_13","7042001","7043000","9",0.000699141,"meg"
"scaffold_13","3689001","3690000","3",0.000200522,"meg"
"scaffold_13","506001","507000","9",0.000588656,"meg"
"scaffold_13","6327001","6328000","1",4.74046e-05,"meg"
"scaffold_13","6525001","6526000","15",0.000336244,"meg"
"scaffold_13","1700001","1701000","5",0.000142753,"meg"
"scaffold_13","6023001","6024000","1",3.68735e-05,"meg"
"scaffold_13","664001","665000","12",0.000950692,"meg"
"scaffold_13","3989001","3990000","11",0.00066949,"meg"
"scaffold_13","1919001","1920000","1",3.68735e-05,"meg"
"scaffold_13","1750001","1751000","3",0.000184643,"meg"
"scaffold_13","1535001","1536000","7",0.000486734,"meg"
"scaffold_13","5527001","5528000","1",2.63401e-05,"meg"
"scaffold_13","4104001","4105000","7",0.000285894,"meg"
"scaffold_13","3806001","3807000","7",0.000550632,"meg"
"scaffold_13","3383001","3384000","9",0.000371495,"meg"
"scaffold_13","189001","190000","9",0.000678624,"meg"
"scaffold_13","5902001","5903000","10",0.000573181,"meg"
"scaffold_13","7172001","7173000","119",0.044451,"meg"
"scaffold_13","2114001","2115000","6",0.000380872,"meg"
"scaffold_13","5427001","5428000","6",0.000100582,"meg"
"scaffold_13","6209001","6210000","9",0.000773563,"meg"
"scaffold_13","6088001","6089000","14",0.000485041,"meg"
"scaffold_13","1880001","1881000","2",0.00010545,"meg"
"scaffold_13","6923001","6924000","5",0.000412249,"meg"
"scaffold_13","3978001","3979000","2",0.000221391,"meg"
"scaffold_13","4468001","4469000","2",0.000358213,"meg"
"scaffold_13","3423001","3424000","2",5.27243e-05,"meg"
"scaffold_13","1509001","1510000","7",0.000322909,"meg"
"scaffold_13","552001","553000","4",0.000422315,"meg"
"scaffold_13","2314001","2315000","10",0.000393075,"meg"
"scaffold_13","2108001","2109000","2",0.000152848,"meg"
"scaffold_13","3146001","3147000","2",0.000210816,"meg"
"scaffold_13","6669001","6670000","3",0.000253223,"meg"
"scaffold_13","668001","669000","28",0.00243981,"meg"
"scaffold_13","3654001","3655000","10",0.00149429,"meg"
"scaffold_13","1856001","1857000","10",0.000398199,"meg"
"scaffold_13","3837001","3838000","16",0.00114653,"meg"
"scaffold_13","4838001","4839000","1",8.42748e-05,"meg"
"scaffold_13","2950001","2951000","3",0.000211054,"meg"
"scaffold_13","2632001","2633000","4",0.000142635,"meg"
"scaffold_13","5614001","5615000","7",0.000100685,"meg"
"scaffold_13","5556001","5557000","1",2.63401e-05,"meg"
"scaffold_13","3425001","3426000","2",0.00013178,"meg"
"scaffold_13","5168001","5169000","5",0.000169208,"meg"
"scaffold_13","948001","949000","8",0.000614488,"meg"
"scaffold_13","1614001","1615000","7",0.000555638,"meg"
"scaffold_13","5618001","5619000","3",0.000195201,"meg"
"scaffold_13","3732001","3733000","9",0.000403151,"meg"
"scaffold_13","301001","302000","12",0.000754284,"meg"
"scaffold_13","7160001","7161000","68",0.0241645,"meg"
"scaffold_13","1489001","1490000","6",0.000385741,"meg"
"scaffold_13","3817001","3818000","3",0.000363872,"meg"
"scaffold_13","4085001","4086000","2",9.48817e-05,"meg"
"scaffold_13","1940001","1941000","3",0.000163573,"meg"
"scaffold_13","3302001","3303000","16",0.000911368,"meg"
"scaffold_13","5458001","5459000","1",5.2684e-06,"meg"
"scaffold_13","398001","399000","20",0.0014329,"meg"
"scaffold_13","1785001","1786000","8",0.000698945,"meg"
"scaffold_13","65001","66000","4",0.000258779,"meg"
"scaffold_13","2525001","2526000","4",0.000158421,"meg"
"scaffold_13","5541001","5542000","1",4.74046e-05,"meg"
"scaffold_13","1406001","1407000","4",0.00025348,"meg"
"scaffold_13","62001","63000","6",0.000322639,"meg"
"scaffold_13","4155001","4156000","6",0.000280405,"meg"
"scaffold_13","740001","741000","9",0.000508852,"meg"
"scaffold_13","6475001","6476000","7",0.000417607,"meg"
"scaffold_13","1818001","1819000","2",6.32701e-05,"meg"
"scaffold_13","5338001","5339000","3",0.000152965,"meg"
"scaffold_13","2360001","2361000","15",0.000952893,"meg"
"scaffold_13","4513001","4514000","14",0.000904891,"meg"
"scaffold_13","276001","277000","5",0.00024317,"meg"
"scaffold_13","7157001","7158000","109",0.0364287,"meg"
"scaffold_13","3345001","3346000","8",0.000444953,"meg"
"scaffold_13","6400001","6401000","4",0.00023231,"meg"
"scaffold_13","2604001","2605000","1",0.000142198,"meg"
"scaffold_13","4434001","4435000","5",0.00025882,"meg"
"scaffold_13","3903001","3904000","5",0.000295949,"meg"
"scaffold_13","6409001","6410000","6",0.000401698,"meg"
"scaffold_13","4541001","4542000","6",0.000354224,"meg"
"scaffold_13","4141001","4142000","14",0.00305455,"meg"
"scaffold_13","6519001","6520000","8",0.000751681,"meg"
"scaffold_13","4572001","4573000","2",4.2185e-05,"meg"
"scaffold_13","1166001","1167000","7",0.000640144,"meg"
"scaffold_13","556001","557000","14",0.00038401,"meg"
"scaffold_13","5258001","5259000","5",0.000364599,"meg"
"scaffold_13","5353001","5354000","3",0.000200509,"meg"
"scaffold_13","6624001","6625000","3",0.000121377,"meg"
"scaffold_13","6484001","6485000","4",0.000422155,"meg"
"scaffold_13","2286001","2287000","4",0.00026928,"meg"
"scaffold_13","6655001","6656000","4",0.000147873,"meg"
"scaffold_13","3576001","3577000","8",0.000376277,"meg"
"scaffold_13","3318001","3319000","6",0.000428438,"meg"
"scaffold_13","4809001","4810000","3",0.000374484,"meg"
"scaffold_13","3554001","3555000","11",0.00116726,"meg"
"scaffold_13","6524001","6525000","4",0.000116223,"meg"
"scaffold_13","6968001","6969000","7",0.000169562,"meg"
"scaffold_13","2892001","2893000","2",0.000152889,"meg"
"scaffold_13","827001","828000","36",0.00353862,"meg"
"scaffold_13","5755001","5756000","8",0.000386806,"meg"
"scaffold_13","1308001","1309000","11",0.000838361,"meg"
"scaffold_13","5895001","5896000","37",0.00721309,"meg"
"scaffold_13","3565001","3566000","13",0.00108823,"meg"
"scaffold_13","6112001","6113000","5",8.46203e-05,"meg"
"scaffold_13","6402001","6403000","93",0.0235376,"meg"
"scaffold_13","6813001","6814000","2",0.000105446,"meg"
"scaffold_13","2343001","2344000","6",0.000317244,"meg"
"scaffold_13","4251001","4252000","13",0.000484274,"meg"
"scaffold_13","2510001","2511000","10",0.000164737,"meg"
"scaffold_13","6232001","6233000","1",0.000105332,"meg"
"scaffold_13","798001","799000","9",0.00065188,"meg"
"scaffold_13","6372001","6373000","8",0.000503061,"meg"
"scaffold_13","4473001","4474000","7",0.000544775,"meg"
"scaffold_13","5189001","5190000","17",0.00156323,"meg"
"scaffold_13","2996001","2997000","6",0.000370061,"meg"
"scaffold_13","4601001","4602000","8",0.000344229,"meg"
"scaffold_13","5245001","5246000","7",0.000296612,"meg"
"scaffold_13","2716001","2717000","3",8.97135e-05,"meg"
"scaffold_13","4977001","4978000","5",0.00029606,"meg"
"scaffold_13","2115001","2116000","10",0.000890921,"meg"
"scaffold_13","3811001","3812000","3",0.000110807,"meg"
"scaffold_13","1307001","1308000","12",0.000795883,"meg"
"scaffold_13","6307001","6308000","3",0.000174025,"meg"
"scaffold_13","856001","857000","9",0.000984549,"meg"
"scaffold_13","3748001","3749000","7",0.0005977,"meg"
"scaffold_13","753001","754000","11",0.000865015,"meg"
"scaffold_13","4899001","4900000","5",0.000142757,"meg"
"scaffold_13","5187001","5188000","4",8.453e-05,"meg"
"scaffold_13","1851001","1852000","6",0.000216929,"meg"
"scaffold_13","3475001","3476000","12",0.000908072,"meg"
"scaffold_13","1462001","1463000","14",0.00111139,"meg"
"scaffold_13","3474001","3475000","1",2.63401e-05,"meg"
"scaffold_13","6278001","6279000","15",0.00279445,"meg"
"scaffold_13","3832001","3833000","4",0.00022706,"meg"
"scaffold_13","5660001","5661000","8",0.000381275,"meg"
"scaffold_13","181001","182000","9",0.000561467,"meg"
"scaffold_13","2309001","2310000","7",0.00030712,"meg"
"scaffold_13","1857001","1858000","3",0.000131934,"meg"
"scaffold_13","2443001","2444000","5",0.000364387,"meg"
"scaffold_13","1896001","1897000","2",0.000110713,"meg"
"scaffold_13","5437001","5438000","13",0.000633343,"meg"
"scaffold_13","6055001","6056000","19",0.00041806,"meg"
"scaffold_13","6985001","6986000","4",5.81217e-05,"meg"
"scaffold_13","5225001","5226000","1",4.74046e-05,"meg"
"scaffold_13","5122001","5123000","5",0.000491294,"meg"
"scaffold_13","6335001","6336000","3",0.000263733,"meg"
"scaffold_13","388001","389000","5",0.000348438,"meg"
"scaffold_13","6269001","6270000","14",0.000788782,"meg"
"scaffold_13","1040001","1041000","8",0.000466354,"meg"
"scaffold_13","2514001","2515000","12",0.000845169,"meg"
"scaffold_13","5303001","5304000","1",3.68735e-05,"meg"
"scaffold_13","4696001","4697000","3",0.000253257,"meg"
"scaffold_13","6371001","6372000","2",0.000237178,"meg"
"scaffold_13","4739001","4740000","2",0.000100171,"meg"
"scaffold_13","1474001","1475000","13",0.000877599,"meg"
"scaffold_13","6102001","6103000","10",0.000689505,"meg"
"scaffold_13","7122001","7123000","2",0.000121235,"meg"
"scaffold_13","6979001","6980000","2",7.38085e-05,"meg"
"scaffold_13","4094001","4095000","12",0.00110524,"meg"
"scaffold_13","5318001","5319000","6",0.000275142,"meg"
"scaffold_13","1245001","1246000","14",0.000442605,"meg"
"scaffold_13","4421001","4422000","13",0.000521646,"meg"
"scaffold_13","3465001","3466000","3",0.00017411,"meg"
"scaffold_13","5970001","5971000","11",0.000526207,"meg"
"scaffold_13","1414001","1415000","12",0.00198519,"meg"
"scaffold_13","5151001","5152000","4",0.000237557,"meg"
"scaffold_13","3708001","3709000","2",0.000100182,"meg"
"scaffold_13","3570001","3571000","6",0.000412574,"meg"
"scaffold_13","3364001","3365000","10",0.000509565,"meg"
"scaffold_13","5836001","5837000","5",0.000153321,"meg"
"scaffold_13","3093001","3094000","5",0.000163855,"meg"
"scaffold_13","168001","169000","11",0.00104511,"meg"
"scaffold_13","4372001","4373000","2",6.32674e-05,"meg"
"scaffold_13","1795001","1796000","17",0.000747444,"meg"
"scaffold_13","2327001","2328000","8",0.000936582,"meg"
"scaffold_13","5904001","5905000","13",0.000362388,"meg"
"scaffold_13","5171001","5172000","5",0.000200849,"meg"
"scaffold_13","5924001","5925000","4",0.000380084,"meg"
"scaffold_13","4842001","4843000","16",0.00199923,"meg"
"scaffold_13","1533001","1534000","2",0.000105412,"meg"
"scaffold_13","2842001","2843000","5",0.00022728,"meg"
"scaffold_13","6572001","6573000","1",1.58048e-05,"meg"
"scaffold_13","6852001","6853000","7",0.000502813,"meg"
"scaffold_13","920001","921000","7",0.000417921,"meg"
"scaffold_13","560001","561000","23",0.00159799,"meg"
"scaffold_13","4005001","4006000","2",0.000163371,"meg"
"scaffold_13","3740001","3741000","13",0.00113028,"meg"
"scaffold_13","1250001","1251000","6",0.000306896,"meg"
"scaffold_13","4865001","4866000","1",3.68735e-05,"meg"
"scaffold_13","3260001","3261000","7",0.000243621,"meg"
"scaffold_13","4792001","4793000","6",0.000216883,"meg"
"scaffold_13","2315001","2316000","1",6.32118e-05,"meg"
"scaffold_13","1031001","1032000","11",0.000494442,"meg"
"scaffold_13","2560001","2561000","8",0.000625109,"meg"
"scaffold_13","2392001","2393000","12",0.00118622,"meg"
"scaffold_13","6506001","6507000","1",0.000105332,"meg"
"scaffold_13","450001","451000","52",0.0052875,"meg"
"scaffold_13","5943001","5944000","4",0.000147873,"meg"
"scaffold_13","2197001","2198000","5",0.000227297,"meg"
"scaffold_13","1323001","1324000","8",0.000460937,"meg"
"scaffold_13","4092001","4093000","13",0.000961993,"meg"
"scaffold_13","6801001","6802000","7",0.000206621,"meg"
"scaffold_13","1505001","1506000","13",0.00100007,"meg"
"scaffold_13","4406001","4407000","7",0.000449766,"meg"
"scaffold_13","5848001","5849000","3",0.00018463,"meg"
"scaffold_13","4311001","4312000","2",0.000100171,"meg"
"scaffold_13","3084001","3085000","22",0.001673,"meg"
"scaffold_13","3411001","3412000","3",0.000168823,"meg"
"scaffold_13","870001","871000","10",0.000689589,"meg"
"scaffold_13","6416001","6417000","1",0.000142198,"meg"
"scaffold_13","4620001","4621000","5",0.000232578,"meg"
"scaffold_13","3699001","3700000","8",0.000429007,"meg"
"scaffold_13","6705001","6706000","21",0.00193306,"meg"
"scaffold_13","5017001","5018000","5",0.000185072,"meg"
"scaffold_13","2357001","2358000","10",0.000535997,"meg"
"scaffold_13","2491001","2492000","7",0.000561019,"meg"
"scaffold_13","2555001","2556000","11",0.00118243,"meg"
"scaffold_13","1007001","1008000","8",0.000302121,"meg"
"scaffold_13","1445001","1446000","2",0.000189742,"meg"
"scaffold_13","4058001","4059000","4",0.000232336,"meg"
"scaffold_13","4603001","4604000","3",7.38938e-05,"meg"
"scaffold_13","1730001","1731000","14",0.00102511,"meg"
"scaffold_13","1708001","1709000","2",5.27276e-05,"meg"
"scaffold_13","5621001","5622000","8",0.000259846,"meg"
"scaffold_13","6890001","6891000","2",0.000115941,"meg"
"scaffold_13","5195001","5196000","2",0.00010545,"meg"
"scaffold_13","5631001","5632000","9",0.000260009,"meg"
"scaffold_13","2484001","2485000","6",0.000364952,"meg"
"scaffold_13","3117001","3118000","11",0.000711876,"meg"
"scaffold_13","293001","294000","18",0.000481683,"meg"
"scaffold_13","2843001","2844000","8",0.000217394,"meg"
"scaffold_13","2271001","2272000","10",0.000387453,"meg"
"scaffold_13","3943001","3944000","5",0.000111059,"meg"
"scaffold_13","624001","625000","6",0.000264494,"meg"
"scaffold_13","6826001","6827000","34",0.00155804,"meg"
"scaffold_13","5409001","5410000","7",0.000180131,"meg"
"scaffold_13","4870001","4871000","3",0.000268966,"meg"
"scaffold_13","1569001","1570000","2",0.000142319,"meg"
"scaffold_13","5484001","5485000","3",0.000290164,"meg"
"scaffold_13","5413001","5414000","11",0.00153163,"meg"
"scaffold_13","4115001","4116000","2",0.00023712,"meg"
"scaffold_13","4294001","4295000","12",0.000590605,"meg"
"scaffold_13","4506001","4507000","1",1.58048e-05,"meg"
"scaffold_13","1511001","1512000","17",0.000502609,"meg"
"scaffold_13","7001001","7002000","11",0.000557864,"meg"
"scaffold_13","6532001","6533000","1",2.63401e-05,"meg"
"scaffold_13","956001","957000","37",0.00610391,"meg"
"scaffold_13","1790001","1791000","82",0.0169591,"meg"
"scaffold_13","3814001","3815000","18",0.000646965,"meg"
"scaffold_13","4675001","4676000","4",0.000153175,"meg"
"scaffold_13","385001","386000","20",0.00174581,"meg"
"scaffold_13","716001","717000","12",0.00105109,"meg"
"scaffold_13","3798001","3799000","16",0.00161283,"meg"
"scaffold_13","2119001","2120000","1",2.63401e-05,"meg"
"scaffold_13","5992001","5993000","11",0.000589798,"meg"
"scaffold_13","6145001","6146000","2",0.00013178,"meg"
"scaffold_13","551001","552000","10",0.000859006,"meg"
"scaffold_13","5821001","5822000","1",1.58048e-05,"meg"
"scaffold_13","6394001","6395000","5",0.000153313,"meg"
"scaffold_13","6146001","6147000","6",0.000216915,"meg"
"scaffold_13","1955001","1956000","6",0.000354272,"meg"
"scaffold_13","1894001","1895000","5",0.000148034,"meg"
"scaffold_13","2603001","2604000","4",0.000142605,"meg"
"scaffold_13","1165001","1166000","4",0.000190054,"meg"
"scaffold_13","1782001","1783000","7",0.000666251,"meg"
"scaffold_13","6547001","6548000","2",7.38085e-05,"meg"
"scaffold_13","4284001","4285000","7",0.000375677,"meg"
"scaffold_13","5511001","5512000","1",1.58048e-05,"meg"
"scaffold_13","1741001","1742000","3",0.000189817,"meg"
"scaffold_13","1311001","1312000","3",0.000168869,"meg"
"scaffold_13","3287001","3288000","1",2.1073e-05,"meg"
"scaffold_13","6168001","6169000","3",0.000100263,"meg"
"scaffold_13","5737001","5738000","2",0.000110723,"meg"
"scaffold_13","4727001","4728000","7",0.000566362,"meg"
"scaffold_13","1554001","1555000","11",0.000986952,"meg"
"scaffold_13","5769001","5770000","7",0.000824877,"meg"
"scaffold_13","142001","143000","13",0.00116944,"meg"
"scaffold_13","2391001","2392000","5",0.000317056,"meg"
"scaffold_13","6702001","6703000","3",0.000184688,"meg"
"scaffold_13","2364001","2365000","9",0.000624977,"meg"
"scaffold_13","4901001","4902000","3",0.000147743,"meg"
"scaffold_13","1717001","1718000","9",0.000704875,"meg"
"scaffold_13","6595001","6596000","8",0.000439756,"meg"
"scaffold_13","4322001","4323000","16",0.00141573,"meg"
"scaffold_13","4312001","4313000","6",0.000201056,"meg"
"scaffold_13","675001","676000","9",0.000953713,"meg"
"scaffold_13","2393001","2394000","8",0.000450365,"meg"
"scaffold_13","5518001","5519000","4",0.000253424,"meg"
"scaffold_13","3758001","3759000","10",0.00088793,"meg"
"scaffold_13","376001","377000","5",0.000301203,"meg"
"scaffold_13","5841001","5842000","2",0.000363569,"meg"
"scaffold_13","2893001","2894000","2",9.49097e-05,"meg"
"scaffold_13","631001","632000","10",0.000959876,"meg"
"scaffold_13","3315001","3316000","3",0.000200468,"meg"
"scaffold_13","2741001","2742000","3",0.000205795,"meg"
"scaffold_13","3729001","3730000","8",0.000957677,"meg"
"scaffold_13","558001","559000","20",0.00157164,"meg"
"scaffold_13","687001","688000","8",0.00103164,"meg"
"scaffold_13","510001","511000","12",0.000802189,"meg"
"scaffold_13","5337001","5338000","5",0.000427922,"meg"
"scaffold_13","4042001","4043000","4",0.000358983,"meg"
"scaffold_13","1929001","1930000","3",8.9706e-05,"meg"
"scaffold_13","3808001","3809000","4",0.000184809,"meg"
"scaffold_13","1938001","1939000","6",0.000433596,"meg"
"scaffold_13","3065001","3066000","11",0.000906388,"meg"
"scaffold_13","2147001","2148000","4",0.000174268,"meg"
"scaffold_13","4371001","4372000","19",0.00241783,"meg"
"scaffold_13","2726001","2727000","3",0.000305889,"meg"
"scaffold_13","3430001","3431000","8",0.0004133,"meg"
"scaffold_13","4934001","4935000","11",0.000478314,"meg"
"scaffold_13","1080001","1081000","3",0.000110807,"meg"
"scaffold_13","1103001","1104000","23",0.00182135,"meg"
"scaffold_13","978001","979000","24",0.0013328,"meg"
"scaffold_13","3628001","3629000","9",0.000450728,"meg"
"scaffold_13","1071001","1072000","4",0.000553774,"meg"
"scaffold_13","2031001","2032000","10",0.000653074,"meg"
"scaffold_13","6662001","6663000","2",4.2187e-05,"meg"
"scaffold_13","1634001","1635000","4",0.00010565,"meg"
"scaffold_13","6507001","6508000","5",0.000406564,"meg"
"scaffold_13","5200001","5201000","4",0.000316526,"meg"
"scaffold_13","6856001","6857000","3",0.000390238,"meg"
"scaffold_13","1936001","1937000","2",0.000110686,"meg"
"scaffold_13","1059001","1060000","6",0.000348976,"meg"
"scaffold_13","6797001","6798000","12",0.000611718,"meg"
"scaffold_13","3631001","3632000","1",6.32118e-05,"meg"
"scaffold_13","2095001","2096000","5",0.000195503,"meg"
"scaffold_13","4762001","4763000","3",0.000179395,"meg"
"scaffold_13","1650001","1651000","4",0.000279896,"meg"
"scaffold_13","1674001","1675000","6",0.000380942,"meg"
"scaffold_13","4632001","4633000","1",8.42748e-05,"meg"
"scaffold_13","1036001","1037000","5",0.000359355,"meg"
"scaffold_13","2487001","2488000","9",0.00044015,"meg"
"scaffold_13","1442001","1443000","2",7.38085e-05,"meg"
"scaffold_13","6504001","6505000","6",0.000264622,"meg"
"scaffold_13","746001","747000","5",0.00044378,"meg"
"scaffold_13","6282001","6283000","1",3.68735e-05,"meg"
"scaffold_13","1435001","1436000","11",0.000822299,"meg"
"scaffold_13","169001","170000","4",0.000396019,"meg"
"scaffold_13","4159001","4160000","4",0.000327308,"meg"
"scaffold_13","1616001","1617000","2",9.48797e-05,"meg"
"scaffold_13","1145001","1146000","2",0.000152828,"meg"
"scaffold_13","2856001","2857000","2",0.000100171,"meg"
"scaffold_13","3312001","3313000","3",0.000195193,"meg"
"scaffold_13","4110001","4111000","7",0.000544815,"meg"
"scaffold_13","6423001","6424000","9",0.000376536,"meg"
"scaffold_13","4278001","4279000","12",0.000483767,"meg"
"scaffold_13","5170001","5171000","2",8.43468e-05,"meg"
"scaffold_13","1119001","1120000","9",0.000895454,"meg"
"scaffold_13","6679001","6680000","1",0.000126412,"meg"
"scaffold_13","1778001","1779000","4",0.000211261,"meg"
"scaffold_13","1624001","1625000","9",0.000318319,"meg"
"scaffold_13","3245001","3246000","2",7.38101e-05,"meg"
"scaffold_13","6481001","6482000","1",2.63401e-05,"meg"
"scaffold_13","3627001","3628000","2",0.000121249,"meg"
"scaffold_13","845001","846000","4",0.00025344,"meg"
"scaffold_13","4218001","4219000","12",0.000531641,"meg"
"scaffold_13","2167001","2168000","5",0.000142753,"meg"
"scaffold_13","6407001","6408000","12",0.00117596,"meg"
"scaffold_13","316001","317000","3",0.000137197,"meg"
"scaffold_13","320001","321000","10",0.000636889,"meg"
"scaffold_13","161001","162000","8",0.000561625,"meg"
"scaffold_13","4307001","4308000","7",0.000592527,"meg"
"scaffold_13","6711001","6712000","8",0.000556147,"meg"
"scaffold_13","2226001","2227000","4",0.000301008,"meg"
"scaffold_13","2797001","2798000","5",0.000396303,"meg"
"scaffold_13","6332001","6333000","9",0.000868824,"meg"
"scaffold_13","5576001","5577000","4",0.000475177,"meg"
"scaffold_13","2863001","2864000","2",0.000247621,"meg"
"scaffold_13","3694001","3695000","7",0.000370527,"meg"
"scaffold_13","4557001","4558000","12",0.000733278,"meg"
"scaffold_13","4182001","4183000","9",0.000583406,"meg"
"scaffold_13","4252001","4253000","2",2.1094e-05,"meg"
"scaffold_13","5680001","5681000","5",6.34689e-05,"meg"
"scaffold_13","6025001","6026000","3",0.000237349,"meg"
"scaffold_13","3578001","3579000","3",0.00012135,"meg"
"scaffold_13","3466001","3467000","3",0.000200433,"meg"
"scaffold_13","6783001","6784000","2",0.000100171,"meg"
"scaffold_13","1939001","1940000","3",0.000105548,"meg"
"scaffold_13","6153001","6154000","5",0.000243105,"meg"
"scaffold_13","5068001","5069000","5",0.000248429,"meg"
"scaffold_13","6955001","6956000","3",7.91661e-05,"meg"
"scaffold_13","6098001","6099000","1",1.58048e-05,"meg"
"scaffold_13","4148001","4149000","3",0.000327037,"meg"
"scaffold_13","6042001","6043000","8",0.000804535,"meg"
"scaffold_13","6197001","6198000","4",0.000342979,"meg"
"scaffold_13","2055001","2056000","9",0.000419067,"meg"
"scaffold_13","764001","765000","16",0.0011888,"meg"
"scaffold_13","4383001","4384000","5",0.000380425,"meg"
"scaffold_13","3657001","3658000","7",0.000370298,"meg"
"scaffold_13","5780001","5781000","2",0.000131792,"meg"
"scaffold_13","4299001","4300000","1",0.000110611,"meg"
"scaffold_13","374001","375000","9",0.000915765,"meg"
"scaffold_13","636001","637000","9",0.000868727,"meg"
"scaffold_13","1861001","1862000","4",0.000184824,"meg"
"scaffold_13","7076001","7077000","3",0.000100263,"meg"
"scaffold_13","4022001","4023000","38",0.00543806,"meg"
"scaffold_13","6083001","6084000","11",0.000202085,"meg"
"scaffold_13","4502001","4503000","9",0.000281284,"meg"
"scaffold_13","5883001","5884000","11",0.00121427,"meg"
"scaffold_13","3634001","3635000","7",0.000381154,"meg"
"scaffold_13","5961001","5962000","3",0.000142479,"meg"
"scaffold_13","347001","348000","15",0.001167,"meg"
"scaffold_13","2606001","2607000","5",0.000506963,"meg"
"scaffold_13","365001","366000","9",0.000561884,"meg"
"scaffold_13","698001","699000","11",0.000986298,"meg"
"scaffold_13","4039001","4040000","30",0.00556302,"meg"
"scaffold_13","7003001","7004000","2",4.2185e-05,"meg"
"scaffold_13","6345001","6346000","5",0.000311737,"meg"
"scaffold_13","1653001","1654000","11",0.00094519,"meg"
"scaffold_13","2331001","2332000","7",0.000444531,"meg"
"scaffold_13","3988001","3989000","4",0.000158421,"meg"
"scaffold_13","3813001","3814000","4",0.000290446,"meg"
"scaffold_13","2922001","2923000","34",0.00488464,"meg"
"scaffold_13","3471001","3472000","9",0.000413835,"meg"
"scaffold_13","6540001","6541000","2",9.49097e-05,"meg"
"scaffold_13","4418001","4419000","10",0.000941978,"meg"
"scaffold_13","2935001","2936000","10",0.000631049,"meg"
"scaffold_13","4494001","4495000","4",0.000205897,"meg"
"scaffold_13","4571001","4572000","3",8.97263e-05,"meg"
"scaffold_13","6878001","6879000","2",9.48817e-05,"meg"
"scaffold_13","4100001","4101000","7",0.000613757,"meg"
"scaffold_13","4626001","4627000","3",0.000247903,"meg"
"scaffold_13","5869001","5870000","2",3.16402e-05,"meg"
"scaffold_13","1370001","1371000","2",7.38085e-05,"meg"
"scaffold_13","5893001","5894000","3",0.000100246,"meg"
"scaffold_13","4575001","4576000","1",6.32118e-05,"meg"
"scaffold_13","4942001","4943000","2",7.38101e-05,"meg"
"scaffold_13","215001","216000","12",0.000770949,"meg"
"scaffold_13","400001","401000","15",0.00127242,"meg"
"scaffold_13","4059001","4060000","6",0.000248744,"meg"
"scaffold_13","1822001","1823000","9",0.000503682,"meg"
"scaffold_13","5753001","5754000","4",0.000358943,"meg"
"scaffold_13","3893001","3894000","17",0.000758892,"meg"
"scaffold_13","4500001","4501000","3",0.000279557,"meg"
"scaffold_13","4242001","4243000","5",0.000158648,"meg"
"scaffold_13","950001","951000","4",0.00076902,"meg"
"scaffold_13","2223001","2224000","7",0.000735263,"meg"
"scaffold_13","1746001","1747000","6",0.000444289,"meg"
"scaffold_13","6187001","6188000","4",0.000100369,"meg"
"scaffold_13","3607001","3608000","12",0.000945772,"meg"
"scaffold_13","2721001","2722000","5",0.000206105,"meg"
"scaffold_13","3643001","3644000","15",0.000847652,"meg"
"scaffold_13","2228001","2229000","5",0.00024848,"meg"
"scaffold_13","857001","858000","7",0.000481448,"meg"
"scaffold_13","1279001","1280000","1",5.79325e-05,"meg"
"scaffold_13","7106001","7107000","64",0.0181577,"meg"
"scaffold_13","6417001","6418000","3",0.00022156,"meg"
"scaffold_13","1916001","1917000","16",0.00061408,"meg"
"scaffold_13","4127001","4128000","2",5.80004e-05,"meg"
"scaffold_13","3815001","3816000","16",0.00117236,"meg"
"scaffold_13","5619001","5620000","2",0.000121249,"meg"
"scaffold_13","472001","473000","12",0.00106802,"meg"
"scaffold_13","1512001","1513000","11",0.000409174,"meg"
"scaffold_13","1264001","1265000","9",0.000286498,"meg"
"scaffold_13","114001","115000","17",0.0016148,"meg"
"scaffold_13","5077001","5078000","57",0.00760558,"meg"
"scaffold_13","6313001","6314000","15",0.000783215,"meg"
"scaffold_13","3587001","3588000","14",0.000586398,"meg"
"scaffold_13","5994001","5995000","5",0.000380282,"meg"
"scaffold_13","4481001","4482000","2",6.32701e-05,"meg"
"scaffold_13","6742001","6743000","5",0.000359315,"meg"
"scaffold_13","4988001","4989000","6",0.000375229,"meg"
"scaffold_13","2698001","2699000","2",8.96327e-05,"meg"
"scaffold_13","2804001","2805000","2",5.80043e-05,"meg"
"scaffold_13","6433001","6434000","2",0.000142279,"meg"
"scaffold_13","4419001","4420000","2",0.00026356,"meg"
"scaffold_13","1553001","1554000","8",0.000571879,"meg"
"scaffold_13","1646001","1647000","6",0.000386023,"meg"
"scaffold_13","2137001","2138000","5",0.000311821,"meg"
"scaffold_13","1499001","1500000","4",0.000205906,"meg"
"scaffold_13","1840001","1841000","6",0.0002434,"meg"
"scaffold_13","2320001","2321000","5",0.000317106,"meg"
"scaffold_13","3710001","3711000","4",0.000322065,"meg"
"scaffold_13","4086001","4087000","7",0.000354556,"meg"
"scaffold_13","4742001","4743000","2",9.49097e-05,"meg"
"scaffold_13","17001","18000","5",0.000512198,"meg"
"scaffold_13","6073001","6074000","13",0.00123048,"meg"
"scaffold_13","6019001","6020000","6",0.000259192,"meg"
"scaffold_13","3319001","3320000","4",0.000311548,"meg"
"scaffold_13","5107001","5108000","5",0.000222031,"meg"
"scaffold_13","7078001","7079000","15",0.000853333,"meg"
"scaffold_13","4179001","4180000","7",0.000634978,"meg"
"scaffold_13","5095001","5096000","14",0.0012989,"meg"
"scaffold_13","6629001","6630000","6",0.000470399,"meg"
"scaffold_13","3787001","3788000","17",0.00105663,"meg"
"scaffold_13","6819001","6820000","7",0.000439421,"meg"
"scaffold_13","2173001","2174000","11",0.00049953,"meg"
"scaffold_13","380001","381000","22",0.00136148,"meg"
"scaffold_13","2951001","2952000","11",0.000896157,"meg"
"scaffold_13","318001","319000","12",0.000749426,"meg"
"scaffold_13","3270001","3271000","1",1.58048e-05,"meg"
"scaffold_13","130001","131000","21",0.00100837,"meg"
"scaffold_13","3212001","3213000","9",0.000387231,"meg"
"scaffold_13","2898001","2899000","1",5.2684e-06,"meg"
"scaffold_13","2426001","2427000","9",0.000376742,"meg"
"scaffold_13","1680001","1681000","6",0.000407267,"meg"
"scaffold_13","6185001","6186000","6",0.000338594,"meg"
"scaffold_13","4776001","4777000","3",0.00011082,"meg"
"scaffold_13","4342001","4343000","6",0.000280311,"meg"
"scaffold_13","4219001","4220000","7",0.000418248,"meg"
"scaffold_13","975001","976000","9",0.000493183,"meg"
"scaffold_13","5811001","5812000","3",4.75064e-05,"meg"
"scaffold_13","1283001","1284000","10",0.000763444,"meg"
"scaffold_13","3177001","3178000","15",0.00107628,"meg"
"scaffold_13","5410001","5411000","13",0.00107435,"meg"
"scaffold_13","2675001","2676000","8",0.000349901,"meg"
"scaffold_13","6949001","6950000","2",5.27287e-05,"meg"
"scaffold_13","4686001","4687000","12",0.00072853,"meg"
"scaffold_13","2241001","2242000","7",0.000665962,"meg"
"scaffold_13","5553001","5554000","5",0.000248283,"meg"
"scaffold_13","2243001","2244000","4",0.000184829,"meg"
"scaffold_13","5546001","5547000","10",0.000392873,"meg"
"scaffold_13","4186001","4187000","6",0.000333219,"meg"
"scaffold_13","4288001","4289000","3",0.000174114,"meg"
"scaffold_13","1479001","1480000","3",0.000258401,"meg"
"scaffold_13","3791001","3792000","1",3.68735e-05,"meg"
"scaffold_13","6235001","6236000","5",0.000306489,"meg"
"scaffold_13","4229001","4230000","7",0.000169491,"meg"
"scaffold_13","3036001","3037000","3",0.000163573,"meg"
"scaffold_13","2429001","2430000","6",0.00024333,"meg"
"scaffold_13","1419001","1420000","6",0.000375457,"meg"
"scaffold_13","1215001","1216000","8",0.000936855,"meg"
"scaffold_13","4480001","4481000","13",0.00156056,"meg"
"scaffold_13","2987001","2988000","2",6.32674e-05,"meg"
"scaffold_13","3415001","3416000","2",7.38085e-05,"meg"
"scaffold_13","2745001","2746000","15",0.000368458,"meg"
"scaffold_13","5218001","5219000","5",0.00043282,"meg"
"scaffold_13","2929001","2930000","9",0.00101592,"meg"
"scaffold_13","3955001","3956000","1",5.2684e-06,"meg"
"scaffold_13","3392001","3393000","10",0.000753552,"meg"
"scaffold_13","4189001","4190000","15",0.000931932,"meg"
"scaffold_13","1429001","1430000","2",0.000100171,"meg"
"scaffold_13","1783001","1784000","4",0.000221765,"meg"
"scaffold_13","1433001","1434000","3",0.000358676,"meg"
"scaffold_13","6723001","6724000","4",0.000253445,"meg"
"scaffold_13","2220001","2221000","6",0.000201126,"meg"
"scaffold_13","1231001","1232000","6",0.000401685,"meg"
"scaffold_13","5894001","5895000","6",0.000517957,"meg"
"scaffold_13","5398001","5399000","7",0.000470616,"meg"
"scaffold_13","5034001","5035000","26",0.000943401,"meg"
"scaffold_13","5512001","5513000","14",0.00139984,"meg"
"scaffold_13","5534001","5535000","2",4.2185e-05,"meg"
"scaffold_13","428001","429000","7",0.000460493,"meg"
"scaffold_13","4892001","4893000","1",0.000142198,"meg"
"scaffold_13","5212001","5213000","9",0.000461531,"meg"
"scaffold_13","6752001","6753000","5",0.000121611,"meg"
"scaffold_13","261001","262000","15",0.000703899,"meg"
"scaffold_13","3174001","3175000","9",0.000726028,"meg"
"scaffold_13","4019001","4020000","1",8.42748e-05,"meg"
"scaffold_13","5669001","5670000","1",4.74046e-05,"meg"
"scaffold_13","464001","465000","30",0.00122107,"meg"
"scaffold_13","260001","261000","11",0.000759108,"meg"
"scaffold_13","3018001","3019000","4",0.000169021,"meg"
"scaffold_13","1281001","1282000","3",0.00015303,"meg"
"scaffold_13","4642001","4643000","8",0.000307529,"meg"
"scaffold_13","6611001","6612000","4",0.000116185,"meg"
"scaffold_13","1106001","1107000","7",0.000502861,"meg"
"scaffold_13","3487001","3488000","1",4.21441e-05,"meg"
"scaffold_13","4634001","4635000","7",0.000259509,"meg"
"scaffold_13","2788001","2789000","2",5.27287e-05,"meg"
"scaffold_13","2158001","2159000","1",8.42748e-05,"meg"
"scaffold_13","4096001","4097000","10",0.000398199,"meg"
"scaffold_13","1625001","1626000","5",0.000221951,"meg"
"scaffold_13","4628001","4629000","12",0.000499787,"meg"
"scaffold_13","5656001","5657000","4",0.000126795,"meg"
"scaffold_13","3251001","3252000","2",0.00012652,"meg"
"scaffold_13","1935001","1936000","20",0.00198848,"meg"
"scaffold_13","2304001","2305000","5",0.000327758,"meg"
"scaffold_13","6560001","6561000","2",0.000105412,"meg"
"scaffold_13","654001","655000","6",0.000628632,"meg"
"scaffold_13","6814001","6815000","3",0.000247978,"meg"
"scaffold_13","2551001","2552000","18",0.00188666,"meg"
"scaffold_13","2008001","2009000","4",0.000179508,"meg"
"scaffold_13","5136001","5137000","4",0.000137345,"meg"
"scaffold_13","4119001","4120000","1",0.000110611,"meg"
"scaffold_13","1618001","1619000","2",0.000179217,"meg"
"scaffold_13","4269001","4270000","5",0.000195597,"meg"
"scaffold_13","297001","298000","15",0.000900023,"meg"
"scaffold_13","6292001","6293000","5",0.000490563,"meg"
"scaffold_13","869001","870000","10",0.000594388,"meg"
"scaffold_13","5098001","5099000","3",0.000126643,"meg"
"scaffold_13","1677001","1678000","6",0.00035968,"meg"
"scaffold_13","3390001","3391000","10",0.00043533,"meg"
"scaffold_13","6227001","6228000","4",0.000332494,"meg"
"scaffold_13","2152001","2153000","9",0.000503834,"meg"
"scaffold_13","495001","496000","17",0.00147295,"meg"
"scaffold_13","659001","660000","8",0.000630307,"meg"
"scaffold_13","2037001","2038000","3",0.000100259,"meg"
"scaffold_13","1868001","1869000","9",0.000773399,"meg"
"scaffold_13","1888001","1889000","4",0.000248194,"meg"
"scaffold_13","3854001","3855000","4",0.000216382,"meg"
"scaffold_13","5030001","5031000","1",3.68735e-05,"meg"
"scaffold_13","3904001","3905000","2",7.38101e-05,"meg"
"scaffold_13","283001","284000","10",0.000869418,"meg"
"scaffold_13","1290001","1291000","3",0.000100261,"meg"
"scaffold_13","6916001","6917000","2",0.000115941,"meg"
"scaffold_13","3295001","3296000","13",0.000960967,"meg"
"scaffold_13","158001","159000","15",0.0024761,"meg"
"scaffold_13","1638001","1639000","5",0.000401409,"meg"
"scaffold_13","2454001","2455000","8",0.000354869,"meg"
"scaffold_13","7050001","7051000","3",0.000253211,"meg"
"scaffold_13","3636001","3637000","7",0.000550544,"meg"
"scaffold_13","5713001","5714000","3",0.00034805,"meg"
"scaffold_13","4415001","4416000","6",0.000565288,"meg"
"scaffold_13","2193001","2194000","7",0.000248868,"meg"
"scaffold_13","4714001","4715000","11",0.000695311,"meg"
"scaffold_13","4116001","4117000","4",0.000190026,"meg"
"scaffold_13","5345001","5346000","5",0.000163858,"meg"
"scaffold_13","4755001","4756000","6",0.000301504,"meg"
"scaffold_13","4083001","4084000","2",0.000131786,"meg"
"scaffold_13","2413001","2414000","21",0.000735211,"meg"
"scaffold_13","112001","113000","10",0.000562663,"meg"
"scaffold_13","4222001","4223000","1",2.63401e-05,"meg"
"scaffold_13","6800001","6801000","3",0.000337633,"meg"
"scaffold_13","205001","206000","2",0.000147607,"meg"
"scaffold_13","2503001","2504000","3",0.000163576,"meg"
"scaffold_13","1427001","1428000","1",7.89765e-05,"meg"
"scaffold_13","3891001","3892000","11",0.000483729,"meg"
"scaffold_13","2878001","2879000","1",5.79325e-05,"meg"
"scaffold_13","6960001","6961000","18",0.000716961,"meg"
"scaffold_13","3625001","3626000","5",0.000279892,"meg"
"scaffold_13","744001","745000","15",0.00159603,"meg"
"scaffold_13","5375001","5376000","2",4.2185e-05,"meg"
"scaffold_13","4961001","4962000","2",0.00013178,"meg"
"scaffold_13","5819001","5820000","7",0.000317818,"meg"
"scaffold_13","5640001","5641000","6",0.000105878,"meg"
"scaffold_13","1561001","1562000","6",0.000343804,"meg"
"scaffold_13","4243001","4244000","20",0.00299936,"meg"
"scaffold_13","7115001","7116000","163",0.0407743,"meg"
"scaffold_13","2730001","2731000","5",0.000422686,"meg"
"scaffold_13","6945001","6946000","2",6.32701e-05,"meg"
"scaffold_13","6460001","6461000","6",0.000407321,"meg"
"scaffold_13","5934001","5935000","1",4.74046e-05,"meg"
"scaffold_13","1229001","1230000","5",0.000364501,"meg"
"scaffold_13","3761001","3762000","4",9.50756e-05,"meg"
"scaffold_13","5813001","5814000","6",0.000676726,"meg"
"scaffold_13","1773001","1774000","5",0.000512449,"meg"
"scaffold_13","2867001","2868000","3",0.000221575,"meg"
"scaffold_13","4840001","4841000","3",0.000153031,"meg"
"scaffold_13","909001","910000","1",4.21441e-05,"meg"
"scaffold_13","6518001","6519000","7",0.000174809,"meg"
"scaffold_13","695001","696000","12",0.000993513,"meg"
"scaffold_13","899001","900000","29",0.00198679,"meg"
"scaffold_13","4968001","4969000","3",0.00049024,"meg"
"scaffold_13","4841001","4842000","3",4.75064e-05,"meg"
"scaffold_13","4150001","4151000","13",0.000733996,"meg"
"scaffold_13","4788001","4789000","9",0.000477079,"meg"
"scaffold_13","6109001","6110000","4",0.000205924,"meg"
"scaffold_13","4106001","4107000","6",0.000306851,"meg"
"scaffold_13","3751001","3752000","6",0.00035972,"meg"
"scaffold_13","4423001","4424000","47",0.00636304,"meg"
